date,rain_mm
1991-01-01,0.02
1991-01-02,0.05
1991-01-03,3.11
1991-01-04,0.0
1991-01-05,0.0
1991-01-06,0.0
1991-01-07,0.0
1991-01-08,0.0
1991-01-09,0.0
1991-01-10,0.62
1991-01-11,0.12
1991-01-12,0.0
1991-01-13,0.0
1991-01-14,0.0
1991-01-15,0.0
1991-01-16,0.0
1991-01-17,0.0
1991-01-18,0.0
1991-01-19,0.0
1991-01-20,0.0
1991-01-21,0.0
1991-01-22,0.0
1991-01-23,0.0
1991-01-24,0.0
1991-01-25,0.0
1991-01-26,0.0
1991-01-27,0.0
1991-01-28,0.0
1991-01-29,0.0
1991-01-30,0.0
1991-01-31,0.0
1991-02-01,0.0
1991-02-02,0.0
1991-02-03,0.0
1991-02-04,1.96
1991-02-05,0.14
1991-02-06,0.0
1991-02-07,0.0
1991-02-08,0.0
1991-02-09,0.0
1991-02-10,0.0
1991-02-11,0.0
1991-02-12,0.0
1991-02-13,0.0
1991-02-14,0.0
1991-02-15,0.0
1991-02-16,0.0
1991-02-17,0.0
1991-02-18,0.0
1991-02-19,0.0
1991-02-20,0.0
1991-02-21,0.0
1991-02-22,0.0
1991-02-23,0.0
1991-02-24,0.0
1991-02-25,0.0
1991-02-26,0.0
1991-02-27,0.0
1991-02-28,0.0
1991-03-01,0.26
1991-03-02,0.13
1991-03-03,0.03
1991-03-04,0.16
1991-03-05,0.0
1991-03-06,0.0
1991-03-07,0.0
1991-03-08,0.01
1991-03-09,0.0
1991-03-10,0.0
1991-03-11,0.0
1991-03-12,0.02
1991-03-13,0.0
1991-03-14,0.3
1991-03-15,0.19
1991-03-16,0.01
1991-03-17,0.0
1991-03-18,0.0
1991-03-19,0.0
1991-03-20,0.0
1991-03-21,0.0
1991-03-22,0.0
1991-03-23,0.0
1991-03-24,0.0
1991-03-25,0.05
1991-03-26,0.07
1991-03-27,0.0
1991-03-28,0.01
1991-03-29,0.48
1991-03-30,0.0
1991-03-31,0.01
1991-04-01,0.51
1991-04-02,2.16
1991-04-03,0.19
1991-04-04,0.26
1991-04-05,0.61
1991-04-06,9.37
1991-04-07,1.64
1991-04-08,0.24
1991-04-09,0.33
1991-04-10,0.0
1991-04-11,0.15
1991-04-12,0.2
1991-04-13,0.0
1991-04-14,0.0
1991-04-15,0.01
1991-04-16,0.04
1991-04-17,0.02
1991-04-18,0.0
1991-04-19,0.0
1991-04-20,0.0
1991-04-21,0.0
1991-04-22,0.0
1991-04-23,0.0
1991-04-24,0.0
1991-04-25,0.0
1991-04-26,0.0
1991-04-27,0.17
1991-04-28,0.05
1991-04-29,1.09
1991-04-30,1.71
1991-05-01,4.18
1991-05-02,2.51
1991-05-03,5.01
1991-05-04,6.26
1991-05-05,8.93
1991-05-06,0.23
1991-05-07,0.01
1991-05-08,0.01
1991-05-09,2.06
1991-05-10,4.36
1991-05-11,0.36
1991-05-12,0.04
1991-05-13,0.02
1991-05-14,1.43
1991-05-15,2.31
1991-05-16,0.02
1991-05-17,0.01
1991-05-18,0.01
1991-05-19,0.42
1991-05-20,0.83
1991-05-21,0.97
1991-05-22,1.29
1991-05-23,0.13
1991-05-24,0.7
1991-05-25,1.39
1991-05-26,0.05
1991-05-27,0.05
1991-05-28,0.16
1991-05-29,0.44
1991-05-30,0.53
1991-05-31,0.49
1991-06-01,3.09
1991-06-02,8.09
1991-06-03,2.31
1991-06-04,1.8
1991-06-05,4.81
1991-06-06,8.37
1991-06-07,35.0
1991-06-08,16.74
1991-06-09,29.89
1991-06-10,20.23
1991-06-11,21.25
1991-06-12,14.01
1991-06-13,3.57
1991-06-14,9.6
1991-06-15,6.62
1991-06-16,34.8
1991-06-17,12.72
1991-06-18,3.64
1991-06-19,6.47
1991-06-20,9.94
1991-06-21,5.44
1991-06-22,0.05
1991-06-23,0.45
1991-06-24,1.0
1991-06-25,2.19
1991-06-26,0.03
1991-06-27,0.13
1991-06-28,0.54
1991-06-29,5.74
1991-06-30,8.1
1991-07-01,18.67
1991-07-02,2.29
1991-07-03,17.42
1991-07-04,37.95
1991-07-05,11.92
1991-07-06,4.49
1991-07-07,1.85
1991-07-08,0.5
1991-07-09,0.77
1991-07-10,1.78
1991-07-11,1.21
1991-07-12,0.51
1991-07-13,0.67
1991-07-14,6.42
1991-07-15,17.98
1991-07-16,1.63
1991-07-17,4.23
1991-07-18,11.45
1991-07-19,9.51
1991-07-20,13.52
1991-07-21,22.13
1991-07-22,21.56
1991-07-23,9.49
1991-07-24,4.28
1991-07-25,0.15
1991-07-26,0.76
1991-07-27,0.9
1991-07-28,1.9
1991-07-29,4.75
1991-07-30,6.83
1991-07-31,8.12
1991-08-01,2.31
1991-08-02,1.66
1991-08-03,6.81
1991-08-04,5.74
1991-08-05,4.54
1991-08-06,1.56
1991-08-07,3.92
1991-08-08,2.24
1991-08-09,1.24
1991-08-10,7.15
1991-08-11,7.16
1991-08-12,2.58
1991-08-13,2.66
1991-08-14,5.45
1991-08-15,2.6
1991-08-16,1.51
1991-08-17,4.94
1991-08-18,2.67
1991-08-19,3.63
1991-08-20,1.75
1991-08-21,5.91
1991-08-22,11.33
1991-08-23,6.35
1991-08-24,7.73
1991-08-25,3.65
1991-08-26,3.26
1991-08-27,8.8
1991-08-28,13.7
1991-08-29,6.25
1991-08-30,3.59
1991-08-31,4.17
1991-09-01,6.88
1991-09-02,1.7
1991-09-03,5.16
1991-09-04,18.84
1991-09-05,11.81
1991-09-06,16.35
1991-09-07,13.43
1991-09-08,8.5
1991-09-09,23.11
1991-09-10,27.95
1991-09-11,3.21
1991-09-12,0.57
1991-09-13,3.03
1991-09-14,3.62
1991-09-15,1.47
1991-09-16,1.01
1991-09-17,0.33
1991-09-18,0.07
1991-09-19,0.26
1991-09-20,1.02
1991-09-21,1.6
1991-09-22,0.66
1991-09-23,7.9
1991-09-24,7.01
1991-09-25,5.54
1991-09-26,8.04
1991-09-27,10.19
1991-09-28,1.68
1991-09-29,0.0
1991-09-30,0.0
1991-10-01,0.39
1991-10-02,1.88
1991-10-03,4.07
1991-10-04,13.72
1991-10-05,9.85
1991-10-06,9.56
1991-10-07,25.8
1991-10-08,0.48
1991-10-09,0.19
1991-10-10,0.0
1991-10-11,1.06
1991-10-12,2.97
1991-10-13,18.77
1991-10-14,17.78
1991-10-15,7.28
1991-10-16,3.17
1991-10-17,0.05
1991-10-18,0.0
1991-10-19,0.0
1991-10-20,1.62
1991-10-21,0.0
1991-10-22,0.0
1991-10-23,0.0
1991-10-24,0.0
1991-10-25,0.48
1991-10-26,0.82
1991-10-27,0.02
1991-10-28,0.0
1991-10-29,0.7
1991-10-30,1.41
1991-10-31,37.41
1991-11-01,2.54
1991-11-02,4.33
1991-11-03,0.15
1991-11-04,0.77
1991-11-05,0.4
1991-11-06,0.0
1991-11-07,0.0
1991-11-08,0.0
1991-11-09,0.0
1991-11-10,0.0
1991-11-11,0.0
1991-11-12,0.0
1991-11-13,0.0
1991-11-14,0.0
1991-11-15,0.0
1991-11-16,0.0
1991-11-17,0.0
1991-11-18,0.01
1991-11-19,0.0
1991-11-20,0.0
1991-11-21,0.0
1991-11-22,0.0
1991-11-23,0.0
1991-11-24,0.0
1991-11-25,0.0
1991-11-26,0.0
1991-11-27,0.0
1991-11-28,0.0
1991-11-29,0.0
1991-11-30,0.0
1991-12-01,0.0
1991-12-02,0.0
1991-12-03,0.0
1991-12-04,0.0
1991-12-05,0.0
1991-12-06,0.0
1991-12-07,0.0
1991-12-08,0.0
1991-12-09,0.0
1991-12-10,0.03
1991-12-11,3.05
1991-12-12,0.0
1991-12-13,0.0
1991-12-14,0.0
1991-12-15,0.0
1991-12-16,0.0
1991-12-17,0.0
1991-12-18,0.0
1991-12-19,0.0
1991-12-20,0.0
1991-12-21,0.0
1991-12-22,0.01
1991-12-23,0.0
1991-12-24,3.54
1991-12-25,6.46
1991-12-26,12.42
1991-12-27,1.43
1991-12-28,1.69
1991-12-29,0.0
1991-12-30,0.0
1991-12-31,0.0
1992-01-01,0.08
1992-01-02,0.0
1992-01-03,0.0
1992-01-04,0.0
1992-01-05,0.0
1992-01-06,0.0
1992-01-07,0.0
1992-01-08,0.0
1992-01-09,0.0
1992-01-10,0.0
1992-01-11,0.0
1992-01-12,0.0
1992-01-13,0.0
1992-01-14,0.0
1992-01-15,0.0
1992-01-16,0.0
1992-01-17,0.0
1992-01-18,0.0
1992-01-19,0.01
1992-01-20,0.0
1992-01-21,0.0
1992-01-22,1.15
1992-01-23,0.3
1992-01-24,0.01
1992-01-25,0.0
1992-01-26,0.0
1992-01-27,0.0
1992-01-28,0.0
1992-01-29,0.0
1992-01-30,0.0
1992-01-31,0.0
1992-02-01,0.19
1992-02-02,3.43
1992-02-03,0.26
1992-02-04,0.32
1992-02-05,0.0
1992-02-06,0.01
1992-02-07,0.02
1992-02-08,11.9
1992-02-09,1.61
1992-02-10,0.01
1992-02-11,0.15
1992-02-12,0.0
1992-02-13,0.0
1992-02-14,0.0
1992-02-15,0.22
1992-02-16,0.15
1992-02-17,0.35
1992-02-18,2.62
1992-02-19,0.13
1992-02-20,0.0
1992-02-21,0.39
1992-02-22,0.45
1992-02-23,3.28
1992-02-24,4.25
1992-02-25,4.96
1992-02-26,0.61
1992-02-27,0.0
1992-02-28,0.36
1992-02-29,0.06
1992-03-01,0.0
1992-03-02,0.0
1992-03-03,0.0
1992-03-04,0.0
1992-03-05,0.0
1992-03-06,0.0
1992-03-07,0.0
1992-03-08,0.0
1992-03-09,0.0
1992-03-10,0.0
1992-03-11,0.0
1992-03-12,0.0
1992-03-13,0.0
1992-03-14,0.0
1992-03-15,0.0
1992-03-16,0.0
1992-03-17,0.0
1992-03-18,0.0
1992-03-19,0.0
1992-03-20,0.0
1992-03-21,0.0
1992-03-22,0.0
1992-03-23,0.0
1992-03-24,0.0
1992-03-25,0.0
1992-03-26,0.0
1992-03-27,0.0
1992-03-28,0.0
1992-03-29,0.0
1992-03-30,0.0
1992-03-31,0.0
1992-04-01,0.0
1992-04-02,0.0
1992-04-03,0.0
1992-04-04,0.0
1992-04-05,0.0
1992-04-06,0.07
1992-04-07,0.01
1992-04-08,0.29
1992-04-09,0.8
1992-04-10,0.0
1992-04-11,0.0
1992-04-12,0.0
1992-04-13,0.0
1992-04-14,0.0
1992-04-15,0.0
1992-04-16,0.17
1992-04-17,0.66
1992-04-18,1.05
1992-04-19,1.15
1992-04-20,0.33
1992-04-21,0.0
1992-04-22,0.0
1992-04-23,0.01
1992-04-24,0.21
1992-04-25,0.0
1992-04-26,0.0
1992-04-27,0.0
1992-04-28,0.16
1992-04-29,0.19
1992-04-30,0.02
1992-05-01,0.38
1992-05-02,3.91
1992-05-03,6.65
1992-05-04,0.77
1992-05-05,1.81
1992-05-06,0.68
1992-05-07,0.35
1992-05-08,0.23
1992-05-09,0.01
1992-05-10,0.01
1992-05-11,0.13
1992-05-12,1.21
1992-05-13,0.01
1992-05-14,0.0
1992-05-15,0.04
1992-05-16,0.11
1992-05-17,0.77
1992-05-18,3.01
1992-05-19,0.28
1992-05-20,0.97
1992-05-21,23.14
1992-05-22,28.91
1992-05-23,39.56
1992-05-24,9.21
1992-05-25,0.56
1992-05-26,3.04
1992-05-27,7.02
1992-05-28,28.11
1992-05-29,9.74
1992-05-30,0.75
1992-05-31,0.29
1992-06-01,1.74
1992-06-02,0.03
1992-06-03,0.01
1992-06-04,0.0
1992-06-05,0.01
1992-06-06,0.0
1992-06-07,0.03
1992-06-08,0.99
1992-06-09,12.27
1992-06-10,2.03
1992-06-11,6.84
1992-06-12,0.67
1992-06-13,1.73
1992-06-14,3.74
1992-06-15,3.57
1992-06-16,0.39
1992-06-17,0.81
1992-06-18,9.73
1992-06-19,15.5
1992-06-20,13.68
1992-06-21,14.64
1992-06-22,3.07
1992-06-23,6.58
1992-06-24,13.91
1992-06-25,12.46
1992-06-26,9.86
1992-06-27,11.41
1992-06-28,10.18
1992-06-29,5.07
1992-06-30,5.36
1992-07-01,1.1
1992-07-02,1.2
1992-07-03,4.73
1992-07-04,5.07
1992-07-05,3.06
1992-07-06,5.7
1992-07-07,7.69
1992-07-08,5.57
1992-07-09,4.98
1992-07-10,3.97
1992-07-11,13.84
1992-07-12,13.97
1992-07-13,9.26
1992-07-14,0.33
1992-07-15,0.32
1992-07-16,4.93
1992-07-17,5.63
1992-07-18,4.08
1992-07-19,8.31
1992-07-20,35.78
1992-07-21,32.12
1992-07-22,9.51
1992-07-23,8.48
1992-07-24,9.71
1992-07-25,10.05
1992-07-26,8.85
1992-07-27,10.64
1992-07-28,11.11
1992-07-29,3.7
1992-07-30,6.18
1992-07-31,3.67
1992-08-01,7.53
1992-08-02,7.97
1992-08-03,4.32
1992-08-04,3.28
1992-08-05,1.92
1992-08-06,2.24
1992-08-07,24.36
1992-08-08,33.91
1992-08-09,15.29
1992-08-10,2.79
1992-08-11,1.74
1992-08-12,0.21
1992-08-13,3.57
1992-08-14,6.26
1992-08-15,2.8
1992-08-16,3.02
1992-08-17,2.8
1992-08-18,7.48
1992-08-19,5.69
1992-08-20,5.34
1992-08-21,1.26
1992-08-22,1.66
1992-08-23,0.3
1992-08-24,0.49
1992-08-25,0.49
1992-08-26,0.68
1992-08-27,3.82
1992-08-28,5.8
1992-08-29,1.48
1992-08-30,1.18
1992-08-31,0.03
1992-09-01,0.5
1992-09-02,3.32
1992-09-03,10.3
1992-09-04,15.96
1992-09-05,4.37
1992-09-06,2.13
1992-09-07,4.4
1992-09-08,4.34
1992-09-09,1.24
1992-09-10,2.96
1992-09-11,14.99
1992-09-12,22.12
1992-09-13,3.87
1992-09-14,0.11
1992-09-15,0.89
1992-09-16,0.58
1992-09-17,0.72
1992-09-18,0.42
1992-09-19,0.05
1992-09-20,0.07
1992-09-21,0.08
1992-09-22,0.02
1992-09-23,0.14
1992-09-24,1.18
1992-09-25,6.27
1992-09-26,8.7
1992-09-27,11.89
1992-09-28,9.15
1992-09-29,1.42
1992-09-30,0.28
1992-10-01,0.01
1992-10-02,0.04
1992-10-03,0.03
1992-10-04,0.41
1992-10-05,2.02
1992-10-06,0.43
1992-10-07,0.07
1992-10-08,0.02
1992-10-09,2.21
1992-10-10,1.31
1992-10-11,1.19
1992-10-12,0.01
1992-10-13,3.32
1992-10-14,7.8
1992-10-15,8.43
1992-10-16,1.87
1992-10-17,3.42
1992-10-18,0.82
1992-10-19,0.3
1992-10-20,13.33
1992-10-21,25.43
1992-10-22,5.95
1992-10-23,0.0
1992-10-24,0.15
1992-10-25,0.0
1992-10-26,0.0
1992-10-27,0.0
1992-10-28,0.0
1992-10-29,0.0
1992-10-30,0.0
1992-10-31,0.0
1992-11-01,0.0
1992-11-02,0.0
1992-11-03,0.0
1992-11-04,0.0
1992-11-05,0.0
1992-11-06,0.0
1992-11-07,0.0
1992-11-08,0.0
1992-11-09,0.0
1992-11-10,0.02
1992-11-11,0.09
1992-11-12,0.02
1992-11-13,0.0
1992-11-14,0.0
1992-11-15,0.0
1992-11-16,0.0
1992-11-17,0.0
1992-11-18,0.02
1992-11-19,0.0
1992-11-20,0.43
1992-11-21,0.59
1992-11-22,0.0
1992-11-23,0.0
1992-11-24,0.0
1992-11-25,0.65
1992-11-26,0.08
1992-11-27,0.0
1992-11-28,0.0
1992-11-29,0.0
1992-11-30,0.0
1992-12-01,0.0
1992-12-02,0.67
1992-12-03,0.21
1992-12-04,0.0
1992-12-05,0.0
1992-12-06,0.0
1992-12-07,0.0
1992-12-08,0.0
1992-12-09,0.0
1992-12-10,0.0
1992-12-11,0.0
1992-12-12,0.0
1992-12-13,0.0
1992-12-14,0.0
1992-12-15,0.0
1992-12-16,0.0
1992-12-17,0.0
1992-12-18,0.0
1992-12-19,0.0
1992-12-20,0.0
1992-12-21,0.0
1992-12-22,0.0
1992-12-23,0.0
1992-12-24,0.0
1992-12-25,0.0
1992-12-26,0.0
1992-12-27,0.0
1992-12-28,0.0
1992-12-29,0.0
1992-12-30,0.0
1992-12-31,0.0
1993-01-01,0.0
1993-01-02,0.0
1993-01-03,0.0
1993-01-04,0.0
1993-01-05,0.0
1993-01-06,0.0
1993-01-07,0.0
1993-01-08,0.0
1993-01-09,0.0
1993-01-10,0.04
1993-01-11,0.02
1993-01-12,0.06
1993-01-13,0.07
1993-01-14,5.95
1993-01-15,0.38
1993-01-16,0.0
1993-01-17,0.0
1993-01-18,0.0
1993-01-19,0.0
1993-01-20,0.0
1993-01-21,0.0
1993-01-22,0.0
1993-01-23,0.0
1993-01-24,0.0
1993-01-25,0.0
1993-01-26,0.0
1993-01-27,0.0
1993-01-28,0.0
1993-01-29,0.0
1993-01-30,0.0
1993-01-31,0.0
1993-02-01,0.04
1993-02-02,0.04
1993-02-03,0.0
1993-02-04,0.0
1993-02-05,0.0
1993-02-06,0.0
1993-02-07,0.0
1993-02-08,0.0
1993-02-09,0.0
1993-02-10,0.0
1993-02-11,0.0
1993-02-12,0.0
1993-02-13,0.0
1993-02-14,0.0
1993-02-15,0.0
1993-02-16,0.02
1993-02-17,0.05
1993-02-18,0.08
1993-02-19,0.4
1993-02-20,5.93
1993-02-21,4.5
1993-02-22,20.13
1993-02-23,3.14
1993-02-24,0.0
1993-02-25,0.0
1993-02-26,0.0
1993-02-27,0.0
1993-02-28,0.0
1993-03-01,0.0
1993-03-02,0.0
1993-03-03,0.0
1993-03-04,0.0
1993-03-05,0.0
1993-03-06,0.0
1993-03-07,0.0
1993-03-08,0.0
1993-03-09,0.0
1993-03-10,0.0
1993-03-11,0.0
1993-03-12,0.0
1993-03-13,0.0
1993-03-14,0.23
1993-03-15,0.05
1993-03-16,0.71
1993-03-17,0.0
1993-03-18,0.0
1993-03-19,0.0
1993-03-20,0.01
1993-03-21,0.13
1993-03-22,0.84
1993-03-23,6.31
1993-03-24,16.81
1993-03-25,13.75
1993-03-26,3.18
1993-03-27,30.75
1993-03-28,0.0
1993-03-29,0.0
1993-03-30,0.0
1993-03-31,0.0
1993-04-01,0.0
1993-04-02,0.0
1993-04-03,0.0
1993-04-04,0.0
1993-04-05,0.0
1993-04-06,0.0
1993-04-07,0.0
1993-04-08,0.12
1993-04-09,1.22
1993-04-10,7.79
1993-04-11,1.01
1993-04-12,2.78
1993-04-13,5.85
1993-04-14,2.53
1993-04-15,0.23
1993-04-16,1.23
1993-04-17,0.86
1993-04-18,0.92
1993-04-19,0.26
1993-04-20,0.09
1993-04-21,0.02
1993-04-22,0.23
1993-04-23,0.19
1993-04-24,2.61
1993-04-25,1.43
1993-04-26,0.82
1993-04-27,0.02
1993-04-28,0.04
1993-04-29,4.7
1993-04-30,5.13
1993-05-01,8.72
1993-05-02,2.27
1993-05-03,5.01
1993-05-04,5.91
1993-05-05,1.63
1993-05-06,0.71
1993-05-07,2.11
1993-05-08,1.74
1993-05-09,1.0
1993-05-10,3.3
1993-05-11,16.92
1993-05-12,2.81
1993-05-13,0.42
1993-05-14,0.62
1993-05-15,0.61
1993-05-16,1.93
1993-05-17,2.63
1993-05-18,9.43
1993-05-19,12.48
1993-05-20,13.11
1993-05-21,1.15
1993-05-22,0.08
1993-05-23,0.02
1993-05-24,0.01
1993-05-25,0.03
1993-05-26,3.63
1993-05-27,7.64
1993-05-28,4.18
1993-05-29,19.71
1993-05-30,4.23
1993-05-31,5.79
1993-06-01,13.5
1993-06-02,8.8
1993-06-03,0.98
1993-06-04,0.82
1993-06-05,0.65
1993-06-06,2.01
1993-06-07,2.75
1993-06-08,5.35
1993-06-09,0.53
1993-06-10,1.57
1993-06-11,1.33
1993-06-12,7.26
1993-06-13,2.51
1993-06-14,0.37
1993-06-15,2.62
1993-06-16,8.6
1993-06-17,9.86
1993-06-18,23.95
1993-06-19,19.39
1993-06-20,12.11
1993-06-21,2.45
1993-06-22,16.05
1993-06-23,29.21
1993-06-24,8.83
1993-06-25,5.44
1993-06-26,4.51
1993-06-27,5.79
1993-06-28,2.52
1993-06-29,3.33
1993-06-30,2.13
1993-07-01,7.97
1993-07-02,10.84
1993-07-03,0.84
1993-07-04,1.46
1993-07-05,0.64
1993-07-06,11.35
1993-07-07,13.51
1993-07-08,5.2
1993-07-09,1.36
1993-07-10,1.5
1993-07-11,7.26
1993-07-12,4.19
1993-07-13,0.6
1993-07-14,2.29
1993-07-15,5.93
1993-07-16,16.94
1993-07-17,42.5
1993-07-18,29.1
1993-07-19,3.04
1993-07-20,4.94
1993-07-21,13.63
1993-07-22,14.84
1993-07-23,20.54
1993-07-24,13.07
1993-07-25,3.08
1993-07-26,0.7
1993-07-27,0.71
1993-07-28,0.98
1993-07-29,2.35
1993-07-30,2.34
1993-07-31,0.9
1993-08-01,0.81
1993-08-02,1.82
1993-08-03,16.44
1993-08-04,41.02
1993-08-05,10.07
1993-08-06,13.61
1993-08-07,9.25
1993-08-08,4.1
1993-08-09,12.09
1993-08-10,15.05
1993-08-11,22.32
1993-08-12,17.48
1993-08-13,18.02
1993-08-14,4.03
1993-08-15,2.69
1993-08-16,0.67
1993-08-17,3.01
1993-08-18,5.88
1993-08-19,14.46
1993-08-20,14.83
1993-08-21,12.18
1993-08-22,12.3
1993-08-23,4.18
1993-08-24,6.02
1993-08-25,4.37
1993-08-26,6.82
1993-08-27,2.21
1993-08-28,7.68
1993-08-29,1.45
1993-08-30,0.12
1993-08-31,1.88
1993-09-01,6.16
1993-09-02,18.4
1993-09-03,26.44
1993-09-04,8.47
1993-09-05,7.36
1993-09-06,1.43
1993-09-07,4.64
1993-09-08,9.43
1993-09-09,5.1
1993-09-10,1.18
1993-09-11,2.89
1993-09-12,4.68
1993-09-13,14.87
1993-09-14,23.9
1993-09-15,16.51
1993-09-16,3.56
1993-09-17,0.75
1993-09-18,0.9
1993-09-19,0.22
1993-09-20,1.57
1993-09-21,9.69
1993-09-22,4.04
1993-09-23,2.31
1993-09-24,1.72
1993-09-25,3.47
1993-09-26,2.23
1993-09-27,0.64
1993-09-28,4.85
1993-09-29,5.07
1993-09-30,1.1
1993-10-01,6.75
1993-10-02,2.97
1993-10-03,7.79
1993-10-04,8.78
1993-10-05,0.38
1993-10-06,0.35
1993-10-07,3.05
1993-10-08,2.28
1993-10-09,0.41
1993-10-10,0.21
1993-10-11,0.61
1993-10-12,0.83
1993-10-13,1.38
1993-10-14,5.25
1993-10-15,5.92
1993-10-16,0.81
1993-10-17,0.29
1993-10-18,0.48
1993-10-19,0.6
1993-10-20,1.04
1993-10-21,5.03
1993-10-22,3.21
1993-10-23,0.18
1993-10-24,0.01
1993-10-25,1.96
1993-10-26,0.08
1993-10-27,0.0
1993-10-28,0.0
1993-10-29,0.0
1993-10-30,0.01
1993-10-31,0.02
1993-11-01,3.38
1993-11-02,12.11
1993-11-03,2.45
1993-11-04,0.89
1993-11-05,0.53
1993-11-06,0.0
1993-11-07,0.0
1993-11-08,0.0
1993-11-09,0.0
1993-11-10,0.0
1993-11-11,0.0
1993-11-12,0.0
1993-11-13,0.0
1993-11-14,0.0
1993-11-15,0.0
1993-11-16,0.0
1993-11-17,0.0
1993-11-18,0.0
1993-11-19,0.0
1993-11-20,0.0
1993-11-21,0.0
1993-11-22,0.0
1993-11-23,0.0
1993-11-24,0.0
1993-11-25,0.0
1993-11-26,0.0
1993-11-27,0.0
1993-11-28,0.0
1993-11-29,0.0
1993-11-30,0.0
1993-12-01,0.0
1993-12-02,0.0
1993-12-03,0.0
1993-12-04,0.0
1993-12-05,0.0
1993-12-06,0.0
1993-12-07,0.0
1993-12-08,0.0
1993-12-09,0.0
1993-12-10,0.0
1993-12-11,0.0
1993-12-12,0.0
1993-12-13,0.0
1993-12-14,0.0
1993-12-15,0.0
1993-12-16,0.0
1993-12-17,0.0
1993-12-18,0.0
1993-12-19,0.0
1993-12-20,0.0
1993-12-21,0.0
1993-12-22,0.0
1993-12-23,0.0
1993-12-24,0.0
1993-12-25,0.0
1993-12-26,0.0
1993-12-27,0.0
1993-12-28,0.0
1993-12-29,0.0
1993-12-30,0.0
1993-12-31,0.0
1994-01-01,0.0
1994-01-02,0.0
1994-01-03,0.0
1994-01-04,0.0
1994-01-05,0.0
1994-01-06,0.0
1994-01-07,0.0
1994-01-08,0.0
1994-01-09,0.0
1994-01-10,0.0
1994-01-11,0.0
1994-01-12,0.0
1994-01-13,0.0
1994-01-14,0.0
1994-01-15,0.0
1994-01-16,0.24
1994-01-17,0.11
1994-01-18,6.68
1994-01-19,0.0
1994-01-20,0.0
1994-01-21,0.0
1994-01-22,0.0
1994-01-23,0.0
1994-01-24,0.0
1994-01-25,0.0
1994-01-26,0.0
1994-01-27,0.0
1994-01-28,0.0
1994-01-29,0.0
1994-01-30,0.0
1994-01-31,0.49
1994-02-01,1.41
1994-02-02,3.15
1994-02-03,0.09
1994-02-04,1.33
1994-02-05,0.0
1994-02-06,0.0
1994-02-07,0.0
1994-02-08,0.0
1994-02-09,0.54
1994-02-10,0.12
1994-02-11,1.35
1994-02-12,0.0
1994-02-13,0.0
1994-02-14,0.01
1994-02-15,0.0
1994-02-16,2.99
1994-02-17,2.83
1994-02-18,0.0
1994-02-19,0.0
1994-02-20,0.0
1994-02-21,0.0
1994-02-22,0.38
1994-02-23,0.32
1994-02-24,2.4
1994-02-25,0.0
1994-02-26,0.0
1994-02-27,0.0
1994-02-28,0.0
1994-03-01,0.0
1994-03-02,0.0
1994-03-03,0.0
1994-03-04,0.0
1994-03-05,0.0
1994-03-06,0.0
1994-03-07,0.0
1994-03-08,0.0
1994-03-09,0.0
1994-03-10,0.0
1994-03-11,0.0
1994-03-12,0.0
1994-03-13,0.0
1994-03-14,0.05
1994-03-15,0.42
1994-03-16,0.0
1994-03-17,0.0
1994-03-18,0.0
1994-03-19,0.0
1994-03-20,0.0
1994-03-21,0.0
1994-03-22,0.01
1994-03-23,0.01
1994-03-24,0.15
1994-03-25,0.46
1994-03-26,0.92
1994-03-27,9.84
1994-03-28,7.76
1994-03-29,4.49
1994-03-30,2.42
1994-03-31,3.97
1994-04-01,2.41
1994-04-02,2.53
1994-04-03,19.03
1994-04-04,8.51
1994-04-05,0.16
1994-04-06,0.06
1994-04-07,0.02
1994-04-08,0.0
1994-04-09,0.0
1994-04-10,0.0
1994-04-11,0.0
1994-04-12,0.0
1994-04-13,0.0
1994-04-14,0.0
1994-04-15,0.0
1994-04-16,0.02
1994-04-17,0.34
1994-04-18,3.57
1994-04-19,4.38
1994-04-20,3.22
1994-04-21,5.47
1994-04-22,2.07
1994-04-23,8.41
1994-04-24,2.04
1994-04-25,0.24
1994-04-26,0.64
1994-04-27,0.38
1994-04-28,3.21
1994-04-29,0.16
1994-04-30,0.0
1994-05-01,0.05
1994-05-02,0.13
1994-05-03,0.24
1994-05-04,3.99
1994-05-05,0.13
1994-05-06,0.09
1994-05-07,0.13
1994-05-08,0.71
1994-05-09,3.79
1994-05-10,4.89
1994-05-11,0.15
1994-05-12,0.42
1994-05-13,0.01
1994-05-14,0.02
1994-05-15,0.0
1994-05-16,0.47
1994-05-17,1.71
1994-05-18,4.69
1994-05-19,20.51
1994-05-20,18.5
1994-05-21,7.67
1994-05-22,1.55
1994-05-23,0.12
1994-05-24,0.33
1994-05-25,2.42
1994-05-26,2.53
1994-05-27,8.42
1994-05-28,0.16
1994-05-29,0.08
1994-05-30,0.51
1994-05-31,0.89
1994-06-01,1.22
1994-06-02,0.09
1994-06-03,0.08
1994-06-04,0.06
1994-06-05,16.6
1994-06-06,11.4
1994-06-07,28.73
1994-06-08,0.67
1994-06-09,0.66
1994-06-10,0.78
1994-06-11,6.6
1994-06-12,12.51
1994-06-13,10.58
1994-06-14,6.74
1994-06-15,13.31
1994-06-16,15.31
1994-06-17,11.83
1994-06-18,21.83
1994-06-19,6.27
1994-06-20,3.13
1994-06-21,4.3
1994-06-22,4.27
1994-06-23,1.71
1994-06-24,8.95
1994-06-25,3.52
1994-06-26,4.85
1994-06-27,11.54
1994-06-28,56.5
1994-06-29,75.64
1994-06-30,14.08
1994-07-01,3.73
1994-07-02,5.11
1994-07-03,8.42
1994-07-04,6.81
1994-07-05,8.7
1994-07-06,8.33
1994-07-07,27.36
1994-07-08,10.56
1994-07-09,3.26
1994-07-10,6.3
1994-07-11,4.97
1994-07-12,6.37
1994-07-13,5.96
1994-07-14,8.36
1994-07-15,8.93
1994-07-16,2.8
1994-07-17,7.08
1994-07-18,5.51
1994-07-19,5.9
1994-07-20,10.64
1994-07-21,6.99
1994-07-22,5.03
1994-07-23,1.72
1994-07-24,1.2
1994-07-25,1.48
1994-07-26,0.53
1994-07-27,0.75
1994-07-28,0.84
1994-07-29,3.98
1994-07-30,7.23
1994-07-31,11.41
1994-08-01,3.66
1994-08-02,1.67
1994-08-03,4.69
1994-08-04,11.83
1994-08-05,5.33
1994-08-06,10.78
1994-08-07,15.34
1994-08-08,12.23
1994-08-09,2.47
1994-08-10,2.73
1994-08-11,7.14
1994-08-12,9.81
1994-08-13,7.8
1994-08-14,8.4
1994-08-15,9.33
1994-08-16,10.18
1994-08-17,5.17
1994-08-18,2.8
1994-08-19,5.52
1994-08-20,3.2
1994-08-21,2.86
1994-08-22,0.57
1994-08-23,3.21
1994-08-24,15.49
1994-08-25,19.32
1994-08-26,6.42
1994-08-27,2.61
1994-08-28,3.39
1994-08-29,2.53
1994-08-30,0.9
1994-08-31,1.7
1994-09-01,2.38
1994-09-02,3.41
1994-09-03,1.9
1994-09-04,2.73
1994-09-05,3.59
1994-09-06,6.79
1994-09-07,3.84
1994-09-08,1.43
1994-09-09,5.08
1994-09-10,6.84
1994-09-11,12.94
1994-09-12,2.58
1994-09-13,1.32
1994-09-14,1.48
1994-09-15,2.08
1994-09-16,4.32
1994-09-17,3.28
1994-09-18,2.57
1994-09-19,3.23
1994-09-20,5.44
1994-09-21,1.87
1994-09-22,12.29
1994-09-23,0.0
1994-09-24,0.0
1994-09-25,0.0
1994-09-26,0.0
1994-09-27,1.64
1994-09-28,5.55
1994-09-29,0.0
1994-09-30,0.01
1994-10-01,0.16
1994-10-02,0.19
1994-10-03,1.28
1994-10-04,7.45
1994-10-05,9.41
1994-10-06,3.86
1994-10-07,8.48
1994-10-08,3.99
1994-10-09,3.6
1994-10-10,3.73
1994-10-11,3.03
1994-10-12,1.65
1994-10-13,0.0
1994-10-14,0.0
1994-10-15,0.0
1994-10-16,0.0
1994-10-17,0.0
1994-10-18,0.0
1994-10-19,0.0
1994-10-20,0.0
1994-10-21,0.02
1994-10-22,0.09
1994-10-23,0.22
1994-10-24,0.55
1994-10-25,0.39
1994-10-26,0.03
1994-10-27,0.02
1994-10-28,0.0
1994-10-29,0.0
1994-10-30,0.07
1994-10-31,0.04
1994-11-01,0.0
1994-11-02,0.0
1994-11-03,2.15
1994-11-04,3.52
1994-11-05,0.04
1994-11-06,0.0
1994-11-07,0.02
1994-11-08,0.15
1994-11-09,0.08
1994-11-10,1.09
1994-11-11,0.91
1994-11-12,1.22
1994-11-13,0.5
1994-11-14,0.03
1994-11-15,0.07
1994-11-16,2.89
1994-11-17,0.0
1994-11-18,0.0
1994-11-19,0.0
1994-11-20,0.0
1994-11-21,0.0
1994-11-22,0.0
1994-11-23,0.28
1994-11-24,0.4
1994-11-25,2.23
1994-11-26,4.32
1994-11-27,0.0
1994-11-28,0.0
1994-11-29,0.0
1994-11-30,0.0
1994-12-01,0.0
1994-12-02,0.0
1994-12-03,0.0
1994-12-04,0.0
1994-12-05,0.0
1994-12-06,0.0
1994-12-07,0.0
1994-12-08,0.0
1994-12-09,0.0
1994-12-10,0.0
1994-12-11,0.0
1994-12-12,0.0
1994-12-13,0.0
1994-12-14,0.0
1994-12-15,0.0
1994-12-16,0.0
1994-12-17,0.0
1994-12-18,0.0
1994-12-19,0.0
1994-12-20,0.0
1994-12-21,0.0
1994-12-22,0.0
1994-12-23,0.0
1994-12-24,0.0
1994-12-25,0.0
1994-12-26,0.0
1994-12-27,0.0
1994-12-28,0.0
1994-12-29,0.0
1994-12-30,0.0
1994-12-31,0.0
1995-01-01,0.0
1995-01-02,0.0
1995-01-03,0.0
1995-01-04,0.0
1995-01-05,0.0
1995-01-06,0.0
1995-01-07,0.0
1995-01-08,0.0
1995-01-09,0.32
1995-01-10,2.21
1995-01-11,0.14
1995-01-12,0.22
1995-01-13,0.19
1995-01-14,0.0
1995-01-15,0.0
1995-01-16,0.0
1995-01-17,0.01
1995-01-18,0.72
1995-01-19,0.42
1995-01-20,0.0
1995-01-21,0.0
1995-01-22,0.0
1995-01-23,0.0
1995-01-24,0.0
1995-01-25,0.0
1995-01-26,0.0
1995-01-27,0.0
1995-01-28,0.0
1995-01-29,0.0
1995-01-30,0.0
1995-01-31,0.0
1995-02-01,0.0
1995-02-02,0.0
1995-02-03,0.0
1995-02-04,0.0
1995-02-05,0.0
1995-02-06,0.0
1995-02-07,0.0
1995-02-08,0.0
1995-02-09,0.0
1995-02-10,0.03
1995-02-11,0.1
1995-02-12,0.0
1995-02-13,0.0
1995-02-14,0.0
1995-02-15,0.0
1995-02-16,0.02
1995-02-17,0.0
1995-02-18,0.0
1995-02-19,5.65
1995-02-20,1.92
1995-02-21,0.43
1995-02-22,0.04
1995-02-23,0.02
1995-02-24,19.97
1995-02-25,3.09
1995-02-26,0.1
1995-02-27,0.0
1995-02-28,4.54
1995-03-01,4.39
1995-03-02,0.0
1995-03-03,0.0
1995-03-04,0.0
1995-03-05,0.0
1995-03-06,0.0
1995-03-07,0.37
1995-03-08,0.01
1995-03-09,0.0
1995-03-10,0.0
1995-03-11,0.0
1995-03-12,0.0
1995-03-13,0.0
1995-03-14,0.0
1995-03-15,0.0
1995-03-16,0.0
1995-03-17,0.0
1995-03-18,0.0
1995-03-19,0.0
1995-03-20,0.0
1995-03-21,0.0
1995-03-22,0.0
1995-03-23,0.0
1995-03-24,0.0
1995-03-25,0.0
1995-03-26,0.0
1995-03-27,0.03
1995-03-28,0.05
1995-03-29,0.63
1995-03-30,0.51
1995-03-31,2.77
1995-04-01,1.32
1995-04-02,3.29
1995-04-03,0.09
1995-04-04,0.0
1995-04-05,0.11
1995-04-06,0.2
1995-04-07,0.33
1995-04-08,4.57
1995-04-09,4.81
1995-04-10,0.13
1995-04-11,0.05
1995-04-12,0.5
1995-04-13,3.16
1995-04-14,3.35
1995-04-15,0.09
1995-04-16,0.13
1995-04-17,0.11
1995-04-18,0.0
1995-04-19,0.0
1995-04-20,0.03
1995-04-21,0.1
1995-04-22,0.63
1995-04-23,0.0
1995-04-24,0.0
1995-04-25,0.0
1995-04-26,0.0
1995-04-27,0.0
1995-04-28,0.0
1995-04-29,0.0
1995-04-30,0.01
1995-05-01,0.04
1995-05-02,0.12
1995-05-03,0.04
1995-05-04,0.01
1995-05-05,0.0
1995-05-06,0.19
1995-05-07,0.32
1995-05-08,0.05
1995-05-09,0.48
1995-05-10,0.25
1995-05-11,2.44
1995-05-12,13.98
1995-05-13,15.18
1995-05-14,21.46
1995-05-15,23.5
1995-05-16,36.01
1995-05-17,49.95
1995-05-18,9.37
1995-05-19,1.99
1995-05-20,0.14
1995-05-21,0.14
1995-05-22,0.24
1995-05-23,0.79
1995-05-24,0.22
1995-05-25,0.03
1995-05-26,0.43
1995-05-27,0.48
1995-05-28,0.0
1995-05-29,0.0
1995-05-30,0.0
1995-05-31,0.07
1995-06-01,0.19
1995-06-02,0.36
1995-06-03,1.5
1995-06-04,4.2
1995-06-05,2.52
1995-06-06,0.26
1995-06-07,0.42
1995-06-08,5.62
1995-06-09,13.07
1995-06-10,1.4
1995-06-11,2.16
1995-06-12,14.73
1995-06-13,15.3
1995-06-14,6.31
1995-06-15,0.43
1995-06-16,0.28
1995-06-17,4.98
1995-06-18,7.53
1995-06-19,9.64
1995-06-20,7.48
1995-06-21,18.55
1995-06-22,14.42
1995-06-23,5.05
1995-06-24,17.28
1995-06-25,13.74
1995-06-26,4.53
1995-06-27,1.64
1995-06-28,1.07
1995-06-29,0.46
1995-06-30,1.11
1995-07-01,1.69
1995-07-02,20.5
1995-07-03,33.36
1995-07-04,17.87
1995-07-05,12.11
1995-07-06,5.84
1995-07-07,0.75
1995-07-08,1.49
1995-07-09,1.22
1995-07-10,0.46
1995-07-11,7.81
1995-07-12,11.29
1995-07-13,3.9
1995-07-14,10.76
1995-07-15,10.81
1995-07-16,8.18
1995-07-17,17.59
1995-07-18,8.89
1995-07-19,13.73
1995-07-20,41.75
1995-07-21,17.66
1995-07-22,12.52
1995-07-23,14.29
1995-07-24,16.82
1995-07-25,13.64
1995-07-26,0.58
1995-07-27,4.69
1995-07-28,9.54
1995-07-29,6.14
1995-07-30,4.67
1995-07-31,11.1
1995-08-01,10.12
1995-08-02,5.55
1995-08-03,12.43
1995-08-04,17.53
1995-08-05,26.55
1995-08-06,2.08
1995-08-07,3.25
1995-08-08,5.13
1995-08-09,10.6
1995-08-10,6.12
1995-08-11,2.91
1995-08-12,8.01
1995-08-13,21.04
1995-08-14,10.21
1995-08-15,9.94
1995-08-16,1.96
1995-08-17,4.3
1995-08-18,17.1
1995-08-19,8.78
1995-08-20,9.92
1995-08-21,16.04
1995-08-22,11.56
1995-08-23,4.54
1995-08-24,0.91
1995-08-25,4.41
1995-08-26,12.65
1995-08-27,5.9
1995-08-28,0.34
1995-08-29,1.21
1995-08-30,5.86
1995-08-31,17.73
1995-09-01,6.15
1995-09-02,6.41
1995-09-03,14.78
1995-09-04,14.73
1995-09-05,13.57
1995-09-06,14.93
1995-09-07,12.22
1995-09-08,0.27
1995-09-09,0.96
1995-09-10,2.01
1995-09-11,4.21
1995-09-12,0.54
1995-09-13,0.39
1995-09-14,0.33
1995-09-15,0.07
1995-09-16,1.84
1995-09-17,9.95
1995-09-18,16.94
1995-09-19,6.43
1995-09-20,1.44
1995-09-21,0.66
1995-09-22,0.3
1995-09-23,2.06
1995-09-24,9.93
1995-09-25,18.45
1995-09-26,13.29
1995-09-27,26.44
1995-09-28,30.56
1995-09-29,9.04
1995-09-30,1.96
1995-10-01,2.73
1995-10-02,0.17
1995-10-03,0.02
1995-10-04,0.08
1995-10-05,0.6
1995-10-06,0.79
1995-10-07,0.76
1995-10-08,4.09
1995-10-09,12.9
1995-10-10,11.37
1995-10-11,2.53
1995-10-12,3.74
1995-10-13,0.53
1995-10-14,0.08
1995-10-15,0.0
1995-10-16,0.0
1995-10-17,0.0
1995-10-18,0.73
1995-10-19,8.04
1995-10-20,2.48
1995-10-21,0.4
1995-10-22,3.72
1995-10-23,2.73
1995-10-24,0.0
1995-10-25,0.0
1995-10-26,0.0
1995-10-27,0.0
1995-10-28,0.0
1995-10-29,0.0
1995-10-30,0.0
1995-10-31,0.24
1995-11-01,1.72
1995-11-02,1.07
1995-11-03,0.01
1995-11-04,0.01
1995-11-05,0.5
1995-11-06,0.0
1995-11-07,0.0
1995-11-08,0.05
1995-11-09,16.33
1995-11-10,48.66
1995-11-11,10.49
1995-11-12,2.77
1995-11-13,0.08
1995-11-14,0.0
1995-11-15,0.0
1995-11-16,0.02
1995-11-17,0.22
1995-11-18,5.5
1995-11-19,8.48
1995-11-20,0.56
1995-11-21,0.08
1995-11-22,0.08
1995-11-23,0.0
1995-11-24,0.68
1995-11-25,6.74
1995-11-26,2.0
1995-11-27,3.19
1995-11-28,0.0
1995-11-29,0.0
1995-11-30,0.0
1995-12-01,0.0
1995-12-02,0.0
1995-12-03,0.0
1995-12-04,0.0
1995-12-05,0.0
1995-12-06,0.0
1995-12-07,0.0
1995-12-08,0.0
1995-12-09,0.0
1995-12-10,0.0
1995-12-11,0.0
1995-12-12,0.0
1995-12-13,0.0
1995-12-14,0.0
1995-12-15,0.0
1995-12-16,0.0
1995-12-17,0.0
1995-12-18,0.0
1995-12-19,0.0
1995-12-20,0.0
1995-12-21,0.0
1995-12-22,0.0
1995-12-23,0.0
1995-12-24,0.04
1995-12-25,0.11
1995-12-26,0.0
1995-12-27,0.0
1995-12-28,0.0
1995-12-29,0.0
1995-12-30,0.0
1995-12-31,0.0
1996-01-01,0.0
1996-01-02,0.0
1996-01-03,0.0
1996-01-04,0.0
1996-01-05,0.32
1996-01-06,0.07
1996-01-07,0.0
1996-01-08,0.0
1996-01-09,0.0
1996-01-10,0.0
1996-01-11,0.0
1996-01-12,0.06
1996-01-13,0.05
1996-01-14,0.0
1996-01-15,0.13
1996-01-16,0.2
1996-01-17,5.7
1996-01-18,0.13
1996-01-19,0.01
1996-01-20,0.01
1996-01-21,0.0
1996-01-22,0.0
1996-01-23,0.0
1996-01-24,0.0
1996-01-25,0.0
1996-01-26,0.0
1996-01-27,0.0
1996-01-28,0.0
1996-01-29,0.0
1996-01-30,0.0
1996-01-31,0.0
1996-02-01,2.27
1996-02-02,0.0
1996-02-03,0.0
1996-02-04,0.0
1996-02-05,0.0
1996-02-06,0.0
1996-02-07,0.0
1996-02-08,0.0
1996-02-09,0.0
1996-02-10,0.0
1996-02-11,0.0
1996-02-12,0.0
1996-02-13,0.0
1996-02-14,0.0
1996-02-15,0.0
1996-02-16,0.0
1996-02-17,0.0
1996-02-18,0.0
1996-02-19,0.0
1996-02-20,0.0
1996-02-21,0.0
1996-02-22,4.25
1996-02-23,3.95
1996-02-24,3.9
1996-02-25,0.92
1996-02-26,0.25
1996-02-27,0.9
1996-02-28,1.48
1996-02-29,0.03
1996-03-01,0.0
1996-03-02,0.0
1996-03-03,0.0
1996-03-04,0.0
1996-03-05,0.0
1996-03-06,0.0
1996-03-07,0.0
1996-03-08,0.0
1996-03-09,0.0
1996-03-10,0.0
1996-03-11,0.0
1996-03-12,0.19
1996-03-13,0.76
1996-03-14,1.72
1996-03-15,0.01
1996-03-16,0.0
1996-03-17,0.0
1996-03-18,0.0
1996-03-19,0.0
1996-03-20,0.0
1996-03-21,0.0
1996-03-22,0.0
1996-03-23,0.0
1996-03-24,1.37
1996-03-25,0.0
1996-03-26,0.0
1996-03-27,7.18
1996-03-28,9.52
1996-03-29,1.35
1996-03-30,0.44
1996-03-31,0.18
1996-04-01,0.84
1996-04-02,1.8
1996-04-03,0.01
1996-04-04,0.02
1996-04-05,0.05
1996-04-06,0.0
1996-04-07,0.0
1996-04-08,0.0
1996-04-09,0.0
1996-04-10,0.0
1996-04-11,0.0
1996-04-12,0.07
1996-04-13,0.13
1996-04-14,0.0
1996-04-15,0.0
1996-04-16,0.0
1996-04-17,0.0
1996-04-18,0.02
1996-04-19,0.71
1996-04-20,2.79
1996-04-21,0.03
1996-04-22,0.06
1996-04-23,0.82
1996-04-24,2.17
1996-04-25,5.06
1996-04-26,3.41
1996-04-27,1.11
1996-04-28,4.54
1996-04-29,2.79
1996-04-30,7.24
1996-05-01,3.2
1996-05-02,2.47
1996-05-03,3.78
1996-05-04,0.02
1996-05-05,0.11
1996-05-06,0.16
1996-05-07,0.31
1996-05-08,0.6
1996-05-09,0.82
1996-05-10,0.03
1996-05-11,0.08
1996-05-12,0.55
1996-05-13,2.7
1996-05-14,0.33
1996-05-15,0.06
1996-05-16,0.5
1996-05-17,2.18
1996-05-18,3.55
1996-05-19,1.76
1996-05-20,0.17
1996-05-21,0.08
1996-05-22,0.19
1996-05-23,0.0
1996-05-24,0.0
1996-05-25,0.0
1996-05-26,0.22
1996-05-27,0.7
1996-05-28,1.13
1996-05-29,2.07
1996-05-30,6.63
1996-05-31,6.98
1996-06-01,11.09
1996-06-02,1.93
1996-06-03,5.28
1996-06-04,12.69
1996-06-05,4.9
1996-06-06,4.88
1996-06-07,3.0
1996-06-08,5.26
1996-06-09,7.41
1996-06-10,4.93
1996-06-11,0.39
1996-06-12,0.28
1996-06-13,0.09
1996-06-14,0.15
1996-06-15,0.07
1996-06-16,0.29
1996-06-17,0.61
1996-06-18,0.63
1996-06-19,3.34
1996-06-20,20.62
1996-06-21,23.99
1996-06-22,15.35
1996-06-23,5.44
1996-06-24,4.99
1996-06-25,6.8
1996-06-26,11.66
1996-06-27,8.35
1996-06-28,9.36
1996-06-29,7.97
1996-06-30,7.7
1996-07-01,13.2
1996-07-02,8.25
1996-07-03,8.75
1996-07-04,14.32
1996-07-05,9.69
1996-07-06,9.97
1996-07-07,24.74
1996-07-08,2.27
1996-07-09,1.27
1996-07-10,1.89
1996-07-11,2.91
1996-07-12,2.58
1996-07-13,0.54
1996-07-14,0.12
1996-07-15,0.87
1996-07-16,4.63
1996-07-17,10.78
1996-07-18,0.22
1996-07-19,0.62
1996-07-20,2.95
1996-07-21,6.41
1996-07-22,1.53
1996-07-23,5.45
1996-07-24,10.33
1996-07-25,7.43
1996-07-26,18.01
1996-07-27,9.97
1996-07-28,9.49
1996-07-29,10.03
1996-07-30,2.07
1996-07-31,2.93
1996-08-01,20.69
1996-08-02,30.93
1996-08-03,5.84
1996-08-04,8.86
1996-08-05,3.43
1996-08-06,7.58
1996-08-07,18.44
1996-08-08,8.88
1996-08-09,5.13
1996-08-10,7.57
1996-08-11,9.73
1996-08-12,5.21
1996-08-13,4.44
1996-08-14,4.08
1996-08-15,3.82
1996-08-16,9.87
1996-08-17,7.52
1996-08-18,5.41
1996-08-19,27.07
1996-08-20,30.05
1996-08-21,20.74
1996-08-22,17.58
1996-08-23,25.95
1996-08-24,17.96
1996-08-25,6.46
1996-08-26,2.38
1996-08-27,1.01
1996-08-28,1.78
1996-08-29,4.4
1996-08-30,6.98
1996-08-31,1.31
1996-09-01,1.43
1996-09-02,0.98
1996-09-03,1.45
1996-09-04,7.17
1996-09-05,1.49
1996-09-06,4.69
1996-09-07,4.24
1996-09-08,2.55
1996-09-09,1.46
1996-09-10,0.51
1996-09-11,1.45
1996-09-12,3.23
1996-09-13,0.71
1996-09-14,0.23
1996-09-15,0.3
1996-09-16,9.45
1996-09-17,14.85
1996-09-18,4.62
1996-09-19,2.39
1996-09-20,2.68
1996-09-21,1.8
1996-09-22,0.55
1996-09-23,0.95
1996-09-24,0.39
1996-09-25,2.51
1996-09-26,3.39
1996-09-27,2.49
1996-09-28,8.05
1996-09-29,11.33
1996-09-30,0.81
1996-10-01,0.36
1996-10-02,0.5
1996-10-03,3.98
1996-10-04,3.22
1996-10-05,4.16
1996-10-06,10.07
1996-10-07,3.74
1996-10-08,0.51
1996-10-09,0.05
1996-10-10,0.0
1996-10-11,0.0
1996-10-12,0.0
1996-10-13,0.0
1996-10-14,0.0
1996-10-15,0.0
1996-10-16,0.0
1996-10-17,0.0
1996-10-18,0.0
1996-10-19,0.0
1996-10-20,0.0
1996-10-21,0.0
1996-10-22,0.0
1996-10-23,0.0
1996-10-24,0.0
1996-10-25,0.0
1996-10-26,0.07
1996-10-27,1.6
1996-10-28,26.84
1996-10-29,35.98
1996-10-30,4.41
1996-10-31,1.52
1996-11-01,1.06
1996-11-02,0.0
1996-11-03,0.0
1996-11-04,0.04
1996-11-05,0.02
1996-11-06,0.23
1996-11-07,0.23
1996-11-08,0.44
1996-11-09,0.0
1996-11-10,0.0
1996-11-11,0.0
1996-11-12,0.0
1996-11-13,0.0
1996-11-14,0.0
1996-11-15,0.0
1996-11-16,0.0
1996-11-17,0.0
1996-11-18,0.0
1996-11-19,0.0
1996-11-20,0.0
1996-11-21,0.0
1996-11-22,0.0
1996-11-23,0.0
1996-11-24,0.0
1996-11-25,0.0
1996-11-26,0.0
1996-11-27,0.0
1996-11-28,0.0
1996-11-29,0.0
1996-11-30,0.0
1996-12-01,0.0
1996-12-02,0.0
1996-12-03,0.01
1996-12-04,0.4
1996-12-05,0.1
1996-12-06,0.0
1996-12-07,0.0
1996-12-08,0.0
1996-12-09,0.0
1996-12-10,0.0
1996-12-11,0.0
1996-12-12,0.0
1996-12-13,0.0
1996-12-14,0.0
1996-12-15,0.0
1996-12-16,0.0
1996-12-17,0.0
1996-12-18,0.0
1996-12-19,0.0
1996-12-20,0.0
1996-12-21,0.0
1996-12-22,0.0
1996-12-23,0.0
1996-12-24,0.0
1996-12-25,0.0
1996-12-26,0.0
1996-12-27,0.0
1996-12-28,0.0
1996-12-29,0.0
1996-12-30,0.0
1996-12-31,0.0
1997-01-01,0.0
1997-01-02,0.0
1997-01-03,0.0
1997-01-04,0.0
1997-01-05,0.0
1997-01-06,0.0
1997-01-07,0.0
1997-01-08,0.0
1997-01-09,0.0
1997-01-10,0.0
1997-01-11,0.0
1997-01-12,0.0
1997-01-13,0.0
1997-01-14,0.0
1997-01-15,0.0
1997-01-16,0.34
1997-01-17,0.09
1997-01-18,0.09
1997-01-19,0.0
1997-01-20,0.0
1997-01-21,10.99
1997-01-22,0.88
1997-01-23,0.21
1997-01-24,0.0
1997-01-25,0.0
1997-01-26,0.0
1997-01-27,0.0
1997-01-28,0.0
1997-01-29,0.0
1997-01-30,0.0
1997-01-31,0.0
1997-02-01,5.76
1997-02-02,0.03
1997-02-03,0.0
1997-02-04,1.5
1997-02-05,0.17
1997-02-06,1.0
1997-02-07,0.0
1997-02-08,0.0
1997-02-09,0.0
1997-02-10,0.0
1997-02-11,0.95
1997-02-12,0.06
1997-02-13,0.0
1997-02-14,0.0
1997-02-15,0.0
1997-02-16,0.0
1997-02-17,0.0
1997-02-18,0.05
1997-02-19,0.05
1997-02-20,0.08
1997-02-21,0.18
1997-02-22,0.02
1997-02-23,0.0
1997-02-24,0.0
1997-02-25,0.0
1997-02-26,0.0
1997-02-27,0.01
1997-02-28,0.01
1997-03-01,0.0
1997-03-02,0.0
1997-03-03,0.0
1997-03-04,0.0
1997-03-05,0.0
1997-03-06,0.0
1997-03-07,0.0
1997-03-08,0.0
1997-03-09,0.0
1997-03-10,0.0
1997-03-11,0.0
1997-03-12,0.0
1997-03-13,0.41
1997-03-14,1.75
1997-03-15,2.69
1997-03-16,1.38
1997-03-17,0.11
1997-03-18,0.02
1997-03-19,0.0
1997-03-20,0.02
1997-03-21,0.07
1997-03-22,0.43
1997-03-23,9.28
1997-03-24,4.46
1997-03-25,1.28
1997-03-26,1.13
1997-03-27,0.02
1997-03-28,0.07
1997-03-29,0.01
1997-03-30,1.4
1997-03-31,18.2
1997-04-01,11.49
1997-04-02,7.85
1997-04-03,4.98
1997-04-04,14.59
1997-04-05,3.41
1997-04-06,1.06
1997-04-07,0.42
1997-04-08,5.23
1997-04-09,4.98
1997-04-10,8.34
1997-04-11,6.81
1997-04-12,8.74
1997-04-13,3.09
1997-04-14,3.91
1997-04-15,9.09
1997-04-16,1.22
1997-04-17,1.67
1997-04-18,0.25
1997-04-19,0.02
1997-04-20,0.26
1997-04-21,0.0
1997-04-22,0.1
1997-04-23,0.01
1997-04-24,0.84
1997-04-25,0.5
1997-04-26,4.04
1997-04-27,10.73
1997-04-28,1.22
1997-04-29,4.5
1997-04-30,6.3
1997-05-01,0.19
1997-05-02,0.05
1997-05-03,0.09
1997-05-04,0.12
1997-05-05,0.17
1997-05-06,0.37
1997-05-07,0.04
1997-05-08,0.13
1997-05-09,1.3
1997-05-10,3.87
1997-05-11,0.39
1997-05-12,0.64
1997-05-13,0.3
1997-05-14,0.14
1997-05-15,0.06
1997-05-16,0.16
1997-05-17,0.01
1997-05-18,0.36
1997-05-19,3.06
1997-05-20,3.55
1997-05-21,16.43
1997-05-22,0.8
1997-05-23,1.41
1997-05-24,5.98
1997-05-25,8.92
1997-05-26,10.62
1997-05-27,12.27
1997-05-28,8.53
1997-05-29,10.25
1997-05-30,16.29
1997-05-31,6.55
1997-06-01,0.26
1997-06-02,0.43
1997-06-03,5.27
1997-06-04,10.37
1997-06-05,1.39
1997-06-06,0.19
1997-06-07,2.83
1997-06-08,9.85
1997-06-09,11.17
1997-06-10,3.53
1997-06-11,4.4
1997-06-12,8.85
1997-06-13,3.52
1997-06-14,2.04
1997-06-15,2.71
1997-06-16,2.29
1997-06-17,1.51
1997-06-18,2.63
1997-06-19,1.58
1997-06-20,2.25
1997-06-21,3.05
1997-06-22,11.81
1997-06-23,14.45
1997-06-24,1.93
1997-06-25,1.32
1997-06-26,10.35
1997-06-27,15.3
1997-06-28,13.05
1997-06-29,17.4
1997-06-30,8.9
1997-07-01,11.19
1997-07-02,19.98
1997-07-03,14.68
1997-07-04,23.05
1997-07-05,20.95
1997-07-06,7.45
1997-07-07,3.95
1997-07-08,10.42
1997-07-09,11.32
1997-07-10,26.59
1997-07-11,33.61
1997-07-12,19.97
1997-07-13,23.14
1997-07-14,26.92
1997-07-15,5.57
1997-07-16,5.57
1997-07-17,13.99
1997-07-18,4.41
1997-07-19,2.01
1997-07-20,20.47
1997-07-21,41.19
1997-07-22,44.3
1997-07-23,6.7
1997-07-24,4.71
1997-07-25,1.12
1997-07-26,0.58
1997-07-27,3.08
1997-07-28,5.78
1997-07-29,4.53
1997-07-30,4.82
1997-07-31,11.85
1997-08-01,16.28
1997-08-02,11.72
1997-08-03,16.4
1997-08-04,9.18
1997-08-05,9.85
1997-08-06,10.01
1997-08-07,14.05
1997-08-08,0.92
1997-08-09,3.11
1997-08-10,3.3
1997-08-11,10.99
1997-08-12,11.83
1997-08-13,15.13
1997-08-14,21.25
1997-08-15,24.35
1997-08-16,4.43
1997-08-17,8.12
1997-08-18,1.96
1997-08-19,4.03
1997-08-20,3.55
1997-08-21,6.93
1997-08-22,11.51
1997-08-23,8.47
1997-08-24,4.26
1997-08-25,1.61
1997-08-26,0.7
1997-08-27,2.31
1997-08-28,8.23
1997-08-29,8.17
1997-08-30,11.83
1997-08-31,5.03
1997-09-01,8.06
1997-09-02,8.07
1997-09-03,9.48
1997-09-04,8.63
1997-09-05,9.52
1997-09-06,5.17
1997-09-07,6.96
1997-09-08,5.38
1997-09-09,4.54
1997-09-10,7.54
1997-09-11,3.09
1997-09-12,6.77
1997-09-13,8.5
1997-09-14,11.22
1997-09-15,5.01
1997-09-16,1.47
1997-09-17,2.2
1997-09-18,3.0
1997-09-19,0.23
1997-09-20,2.59
1997-09-21,4.96
1997-09-22,2.13
1997-09-23,3.44
1997-09-24,1.95
1997-09-25,2.12
1997-09-26,78.58
1997-09-27,23.25
1997-09-28,8.13
1997-09-29,14.33
1997-09-30,14.02
1997-10-01,6.85
1997-10-02,1.2
1997-10-03,0.04
1997-10-04,0.0
1997-10-05,0.0
1997-10-06,0.0
1997-10-07,2.39
1997-10-08,12.63
1997-10-09,1.38
1997-10-10,0.58
1997-10-11,0.02
1997-10-12,0.01
1997-10-13,0.01
1997-10-14,0.03
1997-10-15,0.0
1997-10-16,0.0
1997-10-17,0.0
1997-10-18,0.0
1997-10-19,0.0
1997-10-20,0.0
1997-10-21,0.0
1997-10-22,0.0
1997-10-23,0.1
1997-10-24,0.17
1997-10-25,0.0
1997-10-26,0.0
1997-10-27,0.0
1997-10-28,0.0
1997-10-29,0.11
1997-10-30,0.1
1997-10-31,0.0
1997-11-01,0.0
1997-11-02,0.0
1997-11-03,0.0
1997-11-04,0.0
1997-11-05,0.0
1997-11-06,0.0
1997-11-07,1.99
1997-11-08,2.34
1997-11-09,0.03
1997-11-10,1.19
1997-11-11,1.29
1997-11-12,0.29
1997-11-13,1.26
1997-11-14,1.56
1997-11-15,0.0
1997-11-16,0.0
1997-11-17,0.0
1997-11-18,0.0
1997-11-19,0.24
1997-11-20,0.04
1997-11-21,0.0
1997-11-22,0.0
1997-11-23,0.0
1997-11-24,0.0
1997-11-25,0.0
1997-11-26,0.0
1997-11-27,0.04
1997-11-28,0.02
1997-11-29,0.0
1997-11-30,0.01
1997-12-01,0.37
1997-12-02,0.1
1997-12-03,0.0
1997-12-04,0.0
1997-12-05,0.0
1997-12-06,0.0
1997-12-07,0.0
1997-12-08,0.0
1997-12-09,0.07
1997-12-10,5.8
1997-12-11,0.24
1997-12-12,0.0
1997-12-13,0.0
1997-12-14,2.24
1997-12-15,0.01
1997-12-16,0.0
1997-12-17,0.0
1997-12-18,0.0
1997-12-19,0.0
1997-12-20,0.0
1997-12-21,0.0
1997-12-22,0.0
1997-12-23,0.0
1997-12-24,0.0
1997-12-25,0.0
1997-12-26,0.0
1997-12-27,0.0
1997-12-28,0.0
1997-12-29,0.0
1997-12-30,0.0
1997-12-31,0.0
1998-01-01,0.0
1998-01-02,0.0
1998-01-03,0.0
1998-01-04,0.03
1998-01-05,0.0
1998-01-06,0.0
1998-01-07,0.0
1998-01-08,0.0
1998-01-09,0.0
1998-01-10,0.0
1998-01-11,0.0
1998-01-12,0.0
1998-01-13,0.0
1998-01-14,0.0
1998-01-15,0.0
1998-01-16,0.0
1998-01-17,0.0
1998-01-18,1.7
1998-01-19,21.21
1998-01-20,1.64
1998-01-21,2.69
1998-01-22,0.86
1998-01-23,0.0
1998-01-24,0.0
1998-01-25,0.12
1998-01-26,0.04
1998-01-27,0.18
1998-01-28,0.02
1998-01-29,0.0
1998-01-30,0.12
1998-01-31,0.0
1998-02-01,0.0
1998-02-02,0.0
1998-02-03,0.0
1998-02-04,1.72
1998-02-05,0.15
1998-02-06,0.0
1998-02-07,0.0
1998-02-08,0.0
1998-02-09,0.0
1998-02-10,0.0
1998-02-11,0.0
1998-02-12,0.0
1998-02-13,0.0
1998-02-14,0.0
1998-02-15,0.0
1998-02-16,0.0
1998-02-17,0.01
1998-02-18,0.13
1998-02-19,7.1
1998-02-20,6.34
1998-02-21,0.01
1998-02-22,0.0
1998-02-23,0.0
1998-02-24,0.07
1998-02-25,1.13
1998-02-26,17.29
1998-02-27,6.55
1998-02-28,0.2
1998-03-01,0.0
1998-03-02,0.0
1998-03-03,0.0
1998-03-04,0.0
1998-03-05,0.0
1998-03-06,0.02
1998-03-07,5.55
1998-03-08,1.58
1998-03-09,0.0
1998-03-10,0.0
1998-03-11,0.15
1998-03-12,7.72
1998-03-13,2.65
1998-03-14,9.78
1998-03-15,0.0
1998-03-16,0.0
1998-03-17,0.0
1998-03-18,0.0
1998-03-19,0.0
1998-03-20,0.0
1998-03-21,0.0
1998-03-22,1.0
1998-03-23,26.8
1998-03-24,36.42
1998-03-25,34.2
1998-03-26,0.09
1998-03-27,0.0
1998-03-28,0.0
1998-03-29,0.44
1998-03-30,15.25
1998-03-31,0.72
1998-04-01,0.0
1998-04-02,0.0
1998-04-03,0.0
1998-04-04,0.0
1998-04-05,0.0
1998-04-06,7.86
1998-04-07,29.03
1998-04-08,3.62
1998-04-09,2.91
1998-04-10,0.41
1998-04-11,0.01
1998-04-12,0.0
1998-04-13,0.0
1998-04-14,0.02
1998-04-15,0.25
1998-04-16,0.07
1998-04-17,0.04
1998-04-18,0.25
1998-04-19,6.12
1998-04-20,2.77
1998-04-21,8.33
1998-04-22,29.01
1998-04-23,23.16
1998-04-24,14.96
1998-04-25,4.31
1998-04-26,0.31
1998-04-27,0.24
1998-04-28,1.06
1998-04-29,0.92
1998-04-30,0.06
1998-05-01,0.59
1998-05-02,4.1
1998-05-03,3.03
1998-05-04,3.99
1998-05-05,8.24
1998-05-06,3.87
1998-05-07,1.19
1998-05-08,0.76
1998-05-09,0.02
1998-05-10,0.35
1998-05-11,1.51
1998-05-12,0.0
1998-05-13,0.0
1998-05-14,0.0
1998-05-15,0.0
1998-05-16,0.69
1998-05-17,2.07
1998-05-18,10.5
1998-05-19,12.58
1998-05-20,9.5
1998-05-21,3.0
1998-05-22,3.58
1998-05-23,0.35
1998-05-24,6.69
1998-05-25,17.49
1998-05-26,24.03
1998-05-27,18.4
1998-05-28,6.39
1998-05-29,2.93
1998-05-30,2.43
1998-05-31,1.22
1998-06-01,2.96
1998-06-02,0.36
1998-06-03,1.76
1998-06-04,5.26
1998-06-05,4.25
1998-06-06,1.1
1998-06-07,0.47
1998-06-08,2.03
1998-06-09,6.25
1998-06-10,0.64
1998-06-11,0.65
1998-06-12,1.85
1998-06-13,5.12
1998-06-14,5.85
1998-06-15,11.9
1998-06-16,15.41
1998-06-17,4.09
1998-06-18,21.59
1998-06-19,10.99
1998-06-20,9.31
1998-06-21,3.91
1998-06-22,6.66
1998-06-23,13.48
1998-06-24,18.63
1998-06-25,12.71
1998-06-26,13.84
1998-06-27,17.22
1998-06-28,3.77
1998-06-29,6.27
1998-06-30,1.93
1998-07-01,6.34
1998-07-02,8.91
1998-07-03,25.65
1998-07-04,70.08
1998-07-05,26.82
1998-07-06,27.45
1998-07-07,14.29
1998-07-08,9.0
1998-07-09,6.71
1998-07-10,16.01
1998-07-11,37.81
1998-07-12,24.17
1998-07-13,24.52
1998-07-14,25.27
1998-07-15,21.21
1998-07-16,28.96
1998-07-17,18.89
1998-07-18,6.8
1998-07-19,4.9
1998-07-20,3.09
1998-07-21,4.75
1998-07-22,18.54
1998-07-23,13.31
1998-07-24,6.53
1998-07-25,6.37
1998-07-26,2.42
1998-07-27,1.78
1998-07-28,4.32
1998-07-29,6.89
1998-07-30,1.78
1998-07-31,1.17
1998-08-01,1.31
1998-08-02,25.37
1998-08-03,54.13
1998-08-04,17.77
1998-08-05,23.5
1998-08-06,39.05
1998-08-07,5.41
1998-08-08,10.97
1998-08-09,3.01
1998-08-10,6.11
1998-08-11,18.55
1998-08-12,40.8
1998-08-13,60.88
1998-08-14,29.75
1998-08-15,21.09
1998-08-16,9.84
1998-08-17,12.33
1998-08-18,15.42
1998-08-19,8.61
1998-08-20,2.32
1998-08-21,0.19
1998-08-22,3.52
1998-08-23,7.33
1998-08-24,6.34
1998-08-25,15.45
1998-08-26,21.37
1998-08-27,10.31
1998-08-28,11.21
1998-08-29,21.95
1998-08-30,26.59
1998-08-31,19.31
1998-09-01,8.71
1998-09-02,6.51
1998-09-03,5.39
1998-09-04,7.2
1998-09-05,9.54
1998-09-06,8.36
1998-09-07,16.77
1998-09-08,26.31
1998-09-09,30.0
1998-09-10,15.11
1998-09-11,29.73
1998-09-12,15.08
1998-09-13,4.08
1998-09-14,4.15
1998-09-15,0.15
1998-09-16,0.62
1998-09-17,1.52
1998-09-18,2.26
1998-09-19,2.19
1998-09-20,4.63
1998-09-21,1.59
1998-09-22,3.37
1998-09-23,1.1
1998-09-24,1.59
1998-09-25,0.6
1998-09-26,0.45
1998-09-27,0.87
1998-09-28,2.7
1998-09-29,3.51
1998-09-30,8.38
1998-10-01,1.85
1998-10-02,3.25
1998-10-03,5.74
1998-10-04,3.41
1998-10-05,0.47
1998-10-06,0.0
1998-10-07,0.0
1998-10-08,0.27
1998-10-09,4.1
1998-10-10,0.16
1998-10-11,0.97
1998-10-12,2.67
1998-10-13,2.26
1998-10-14,2.62
1998-10-15,6.9
1998-10-16,12.74
1998-10-17,1.07
1998-10-18,4.45
1998-10-19,13.7
1998-10-20,18.55
1998-10-21,3.39
1998-10-22,2.35
1998-10-23,0.14
1998-10-24,0.04
1998-10-25,0.0
1998-10-26,0.0
1998-10-27,0.0
1998-10-28,0.01
1998-10-29,1.07
1998-10-30,29.11
1998-10-31,1.13
1998-11-01,0.07
1998-11-02,0.19
1998-11-03,0.01
1998-11-04,0.0
1998-11-05,0.0
1998-11-06,0.0
1998-11-07,0.0
1998-11-08,0.0
1998-11-09,0.0
1998-11-10,9.84
1998-11-11,7.12
1998-11-12,0.01
1998-11-13,0.0
1998-11-14,0.0
1998-11-15,0.08
1998-11-16,2.96
1998-11-17,1.0
1998-11-18,0.0
1998-11-19,0.0
1998-11-20,0.0
1998-11-21,10.71
1998-11-22,110.08
1998-11-23,38.1
1998-11-24,2.07
1998-11-25,0.09
1998-11-26,0.0
1998-11-27,0.0
1998-11-28,0.0
1998-11-29,0.0
1998-11-30,0.0
1998-12-01,0.0
1998-12-02,0.0
1998-12-03,0.0
1998-12-04,0.0
1998-12-05,0.0
1998-12-06,0.0
1998-12-07,0.0
1998-12-08,0.0
1998-12-09,0.0
1998-12-10,0.0
1998-12-11,0.0
1998-12-12,0.0
1998-12-13,0.0
1998-12-14,0.0
1998-12-15,0.0
1998-12-16,0.0
1998-12-17,0.0
1998-12-18,0.0
1998-12-19,0.0
1998-12-20,0.0
1998-12-21,0.0
1998-12-22,0.0
1998-12-23,0.0
1998-12-24,0.0
1998-12-25,0.0
1998-12-26,0.0
1998-12-27,0.0
1998-12-28,0.0
1998-12-29,0.0
1998-12-30,0.0
1998-12-31,0.0
1999-01-01,0.0
1999-01-02,0.0
1999-01-03,0.0
1999-01-04,0.0
1999-01-05,0.0
1999-01-06,0.0
1999-01-07,0.0
1999-01-08,0.0
1999-01-09,0.0
1999-01-10,0.0
1999-01-11,0.0
1999-01-12,0.0
1999-01-13,0.0
1999-01-14,0.0
1999-01-15,0.0
1999-01-16,0.0
1999-01-17,0.0
1999-01-18,0.0
1999-01-19,0.0
1999-01-20,0.0
1999-01-21,0.0
1999-01-22,0.0
1999-01-23,0.0
1999-01-24,0.0
1999-01-25,0.0
1999-01-26,0.0
1999-01-27,0.0
1999-01-28,0.0
1999-01-29,0.0
1999-01-30,0.0
1999-01-31,0.0
1999-02-01,0.0
1999-02-02,0.0
1999-02-03,0.0
1999-02-04,0.0
1999-02-05,0.0
1999-02-06,0.0
1999-02-07,0.0
1999-02-08,0.0
1999-02-09,0.0
1999-02-10,0.0
1999-02-11,0.0
1999-02-12,0.0
1999-02-13,0.0
1999-02-14,0.0
1999-02-15,0.0
1999-02-16,0.0
1999-02-17,0.0
1999-02-18,0.0
1999-02-19,0.25
1999-02-20,0.0
1999-02-21,0.0
1999-02-22,0.0
1999-02-23,0.0
1999-02-24,0.0
1999-02-25,0.0
1999-02-26,0.0
1999-02-27,0.0
1999-02-28,0.0
1999-03-01,0.0
1999-03-02,0.0
1999-03-03,0.0
1999-03-04,0.0
1999-03-05,0.0
1999-03-06,0.0
1999-03-07,0.0
1999-03-08,0.0
1999-03-09,0.0
1999-03-10,0.0
1999-03-11,0.0
1999-03-12,0.0
1999-03-13,0.03
1999-03-14,0.02
1999-03-15,0.0
1999-03-16,0.0
1999-03-17,0.0
1999-03-18,0.0
1999-03-19,0.0
1999-03-20,0.0
1999-03-21,0.0
1999-03-22,0.0
1999-03-23,0.0
1999-03-24,0.0
1999-03-25,0.0
1999-03-26,0.33
1999-03-27,1.38
1999-03-28,0.01
1999-03-29,0.0
1999-03-30,0.0
1999-03-31,0.0
1999-04-01,0.0
1999-04-02,0.0
1999-04-03,0.0
1999-04-04,0.0
1999-04-05,0.0
1999-04-06,0.05
1999-04-07,0.13
1999-04-08,1.18
1999-04-09,1.2
1999-04-10,7.09
1999-04-11,0.06
1999-04-12,0.0
1999-04-13,0.0
1999-04-14,0.0
1999-04-15,0.0
1999-04-16,0.0
1999-04-17,0.0
1999-04-18,0.0
1999-04-19,0.0
1999-04-20,0.0
1999-04-21,0.0
1999-04-22,0.0
1999-04-23,0.0
1999-04-24,0.0
1999-04-25,0.0
1999-04-26,0.0
1999-04-27,0.0
1999-04-28,0.0
1999-04-29,0.0
1999-04-30,0.0
1999-05-01,0.06
1999-05-02,0.4
1999-05-03,0.02
1999-05-04,0.06
1999-05-05,0.24
1999-05-06,4.78
1999-05-07,10.13
1999-05-08,3.73
1999-05-09,10.05
1999-05-10,5.08
1999-05-11,4.3
1999-05-12,6.91
1999-05-13,2.76
1999-05-14,13.69
1999-05-15,9.49
1999-05-16,9.64
1999-05-17,0.28
1999-05-18,0.66
1999-05-19,0.24
1999-05-20,1.7
1999-05-21,0.77
1999-05-22,0.92
1999-05-23,0.87
1999-05-24,0.87
1999-05-25,0.02
1999-05-26,1.37
1999-05-27,3.22
1999-05-28,8.6
1999-05-29,53.66
1999-05-30,14.18
1999-05-31,0.12
1999-06-01,0.54
1999-06-02,1.72
1999-06-03,1.84
1999-06-04,0.06
1999-06-05,0.53
1999-06-06,9.0
1999-06-07,1.5
1999-06-08,2.34
1999-06-09,4.37
1999-06-10,28.55
1999-06-11,33.3
1999-06-12,20.56
1999-06-13,0.97
1999-06-14,1.04
1999-06-15,1.55
1999-06-16,5.7
1999-06-17,14.11
1999-06-18,7.37
1999-06-19,4.68
1999-06-20,4.49
1999-06-21,1.6
1999-06-22,13.49
1999-06-23,24.72
1999-06-24,13.99
1999-06-25,21.56
1999-06-26,17.92
1999-06-27,9.98
1999-06-28,6.77
1999-06-29,3.76
1999-06-30,22.41
1999-07-01,36.54
1999-07-02,27.3
1999-07-03,13.79
1999-07-04,8.8
1999-07-05,4.58
1999-07-06,16.34
1999-07-07,6.16
1999-07-08,1.49
1999-07-09,8.88
1999-07-10,26.87
1999-07-11,64.86
1999-07-12,62.48
1999-07-13,27.16
1999-07-14,7.93
1999-07-15,1.16
1999-07-16,1.27
1999-07-17,2.76
1999-07-18,15.93
1999-07-19,31.43
1999-07-20,26.2
1999-07-21,13.9
1999-07-22,12.23
1999-07-23,8.24
1999-07-24,1.11
1999-07-25,2.02
1999-07-26,3.07
1999-07-27,5.48
1999-07-28,8.12
1999-07-29,4.2
1999-07-30,0.66
1999-07-31,4.99
1999-08-01,3.73
1999-08-02,25.26
1999-08-03,38.07
1999-08-04,5.53
1999-08-05,7.25
1999-08-06,16.95
1999-08-07,19.24
1999-08-08,23.11
1999-08-09,31.33
1999-08-10,16.68
1999-08-11,12.76
1999-08-12,30.01
1999-08-13,44.1
1999-08-14,37.7
1999-08-15,30.4
1999-08-16,7.63
1999-08-17,5.12
1999-08-18,11.75
1999-08-19,20.43
1999-08-20,6.65
1999-08-21,2.64
1999-08-22,1.48
1999-08-23,2.29
1999-08-24,0.77
1999-08-25,1.42
1999-08-26,12.54
1999-08-27,20.83
1999-08-28,9.38
1999-08-29,9.53
1999-08-30,22.95
1999-08-31,10.31
1999-09-01,2.06
1999-09-02,2.79
1999-09-03,2.11
1999-09-04,6.25
1999-09-05,3.06
1999-09-06,0.07
1999-09-07,0.77
1999-09-08,2.28
1999-09-09,6.62
1999-09-10,16.61
1999-09-11,22.78
1999-09-12,14.97
1999-09-13,22.92
1999-09-14,20.61
1999-09-15,6.93
1999-09-16,8.13
1999-09-17,6.12
1999-09-18,2.64
1999-09-19,4.15
1999-09-20,5.59
1999-09-21,27.42
1999-09-22,49.04
1999-09-23,40.58
1999-09-24,19.12
1999-09-25,3.22
1999-09-26,5.7
1999-09-27,1.89
1999-09-28,0.72
1999-09-29,0.06
1999-09-30,0.35
1999-10-01,1.46
1999-10-02,2.36
1999-10-03,1.27
1999-10-04,2.86
1999-10-05,6.41
1999-10-06,6.15
1999-10-07,4.13
1999-10-08,0.66
1999-10-09,5.14
1999-10-10,1.41
1999-10-11,0.0
1999-10-12,0.01
1999-10-13,0.7
1999-10-14,13.52
1999-10-15,10.14
1999-10-16,0.25
1999-10-17,12.85
1999-10-18,34.51
1999-10-19,21.5
1999-10-20,10.96
1999-10-21,6.87
1999-10-22,17.52
1999-10-23,1.69
1999-10-24,1.58
1999-10-25,0.0
1999-10-26,0.0
1999-10-27,0.0
1999-10-28,0.39
1999-10-29,1.39
1999-10-30,1.72
1999-10-31,0.95
1999-11-01,0.89
1999-11-02,0.32
1999-11-03,0.09
1999-11-04,0.29
1999-11-05,0.05
1999-11-06,0.0
1999-11-07,0.0
1999-11-08,0.0
1999-11-09,0.0
1999-11-10,0.0
1999-11-11,0.0
1999-11-12,0.0
1999-11-13,0.0
1999-11-14,0.0
1999-11-15,0.0
1999-11-16,0.0
1999-11-17,0.0
1999-11-18,0.0
1999-11-19,0.0
1999-11-20,0.0
1999-11-21,0.0
1999-11-22,0.0
1999-11-23,0.0
1999-11-24,0.0
1999-11-25,0.0
1999-11-26,0.0
1999-11-27,0.0
1999-11-28,0.0
1999-11-29,0.0
1999-11-30,0.0
1999-12-01,0.0
1999-12-02,0.0
1999-12-03,0.0
1999-12-04,0.0
1999-12-05,0.0
1999-12-06,0.0
1999-12-07,0.0
1999-12-08,0.03
1999-12-09,5.79
1999-12-10,5.88
1999-12-11,4.76
1999-12-12,0.0
1999-12-13,0.0
1999-12-14,0.0
1999-12-15,0.0
1999-12-16,0.0
1999-12-17,0.0
1999-12-18,0.0
1999-12-19,0.0
1999-12-20,0.0
1999-12-21,0.0
1999-12-22,0.0
1999-12-23,0.0
1999-12-24,0.0
1999-12-25,0.0
1999-12-26,0.12
1999-12-27,0.02
1999-12-28,0.0
1999-12-29,0.0
1999-12-30,0.0
1999-12-31,0.0
2000-01-01,0.0
2000-01-02,0.0
2000-01-03,0.0
2000-01-04,0.0
2000-01-05,0.0
2000-01-06,0.0
2000-01-07,0.0
2000-01-08,0.0
2000-01-09,0.0
2000-01-10,0.0
2000-01-11,0.0
2000-01-12,0.0
2000-01-13,0.0
2000-01-14,0.0
2000-01-15,0.0
2000-01-16,0.03
2000-01-17,0.0
2000-01-18,0.0
2000-01-19,0.0
2000-01-20,0.0
2000-01-21,0.87
2000-01-22,1.08
2000-01-23,8.02
2000-01-24,0.2
2000-01-25,0.0
2000-01-26,0.0
2000-01-27,0.0
2000-01-28,0.0
2000-01-29,0.73
2000-01-30,0.08
2000-01-31,0.0
2000-02-01,0.0
2000-02-02,0.01
2000-02-03,2.08
2000-02-04,0.2
2000-02-05,2.02
2000-02-06,1.86
2000-02-07,0.53
2000-02-08,0.01
2000-02-09,0.12
2000-02-10,0.28
2000-02-11,0.0
2000-02-12,2.83
2000-02-13,0.24
2000-02-14,0.0
2000-02-15,0.0
2000-02-16,0.0
2000-02-17,0.0
2000-02-18,3.3
2000-02-19,0.0
2000-02-20,0.0
2000-02-21,0.0
2000-02-22,0.0
2000-02-23,0.0
2000-02-24,0.0
2000-02-25,0.0
2000-02-26,0.11
2000-02-27,0.0
2000-02-28,0.0
2000-02-29,0.0
2000-03-01,0.0
2000-03-02,0.9
2000-03-03,0.45
2000-03-04,0.02
2000-03-05,0.03
2000-03-06,0.02
2000-03-07,0.0
2000-03-08,0.92
2000-03-09,17.7
2000-03-10,0.23
2000-03-11,0.09
2000-03-12,0.39
2000-03-13,1.15
2000-03-14,3.0
2000-03-15,5.55
2000-03-16,0.03
2000-03-17,0.03
2000-03-18,0.0
2000-03-19,0.0
2000-03-20,0.0
2000-03-21,0.0
2000-03-22,0.0
2000-03-23,0.0
2000-03-24,0.0
2000-03-25,0.0
2000-03-26,0.0
2000-03-27,0.0
2000-03-28,0.0
2000-03-29,0.0
2000-03-30,0.0
2000-03-31,0.0
2000-04-01,0.0
2000-04-02,0.0
2000-04-03,0.0
2000-04-04,0.0
2000-04-05,0.0
2000-04-06,0.0
2000-04-07,0.0
2000-04-08,0.0
2000-04-09,0.04
2000-04-10,0.18
2000-04-11,0.39
2000-04-12,13.99
2000-04-13,0.12
2000-04-14,0.06
2000-04-15,3.73
2000-04-16,7.41
2000-04-17,0.05
2000-04-18,0.28
2000-04-19,0.75
2000-04-20,1.56
2000-04-21,1.45
2000-04-22,2.31
2000-04-23,2.16
2000-04-24,18.27
2000-04-25,10.95
2000-04-26,11.56
2000-04-27,1.29
2000-04-28,2.4
2000-04-29,3.51
2000-04-30,10.07
2000-05-01,10.4
2000-05-02,13.16
2000-05-03,7.25
2000-05-04,3.83
2000-05-05,1.21
2000-05-06,1.27
2000-05-07,2.24
2000-05-08,1.49
2000-05-09,5.95
2000-05-10,4.44
2000-05-11,2.24
2000-05-12,0.23
2000-05-13,0.52
2000-05-14,0.98
2000-05-15,0.81
2000-05-16,2.14
2000-05-17,4.34
2000-05-18,5.26
2000-05-19,9.91
2000-05-20,10.29
2000-05-21,11.15
2000-05-22,6.07
2000-05-23,11.66
2000-05-24,22.71
2000-05-25,13.3
2000-05-26,12.53
2000-05-27,16.69
2000-05-28,22.42
2000-05-29,32.28
2000-05-30,8.01
2000-05-31,12.65
2000-06-01,1.85
2000-06-02,0.86
2000-06-03,1.01
2000-06-04,3.16
2000-06-05,17.17
2000-06-06,18.39
2000-06-07,8.76
2000-06-08,9.69
2000-06-09,8.35
2000-06-10,21.67
2000-06-11,21.97
2000-06-12,23.68
2000-06-13,12.01
2000-06-14,5.26
2000-06-15,4.6
2000-06-16,7.9
2000-06-17,3.64
2000-06-18,5.5
2000-06-19,16.56
2000-06-20,15.53
2000-06-21,6.38
2000-06-22,22.32
2000-06-23,37.48
2000-06-24,19.48
2000-06-25,30.04
2000-06-26,11.12
2000-06-27,1.35
2000-06-28,3.0
2000-06-29,1.47
2000-06-30,1.37
2000-07-01,2.86
2000-07-02,0.32
2000-07-03,0.14
2000-07-04,0.0
2000-07-05,0.05
2000-07-06,1.81
2000-07-07,10.63
2000-07-08,18.42
2000-07-09,15.32
2000-07-10,8.27
2000-07-11,10.25
2000-07-12,21.05
2000-07-13,19.78
2000-07-14,12.28
2000-07-15,4.27
2000-07-16,3.91
2000-07-17,15.22
2000-07-18,15.71
2000-07-19,35.33
2000-07-20,21.84
2000-07-21,14.01
2000-07-22,14.48
2000-07-23,35.76
2000-07-24,18.96
2000-07-25,27.68
2000-07-26,4.78
2000-07-27,4.57
2000-07-28,1.18
2000-07-29,6.18
2000-07-30,8.41
2000-07-31,5.6
2000-08-01,28.33
2000-08-02,47.63
2000-08-03,14.13
2000-08-04,8.54
2000-08-05,7.12
2000-08-06,6.1
2000-08-07,4.86
2000-08-08,0.65
2000-08-09,4.34
2000-08-10,8.64
2000-08-11,12.54
2000-08-12,12.43
2000-08-13,18.61
2000-08-14,11.54
2000-08-15,13.78
2000-08-16,19.87
2000-08-17,8.73
2000-08-18,7.77
2000-08-19,2.44
2000-08-20,0.48
2000-08-21,1.98
2000-08-22,3.52
2000-08-23,2.29
2000-08-24,1.77
2000-08-25,0.68
2000-08-26,1.86
2000-08-27,1.62
2000-08-28,4.15
2000-08-29,17.16
2000-08-30,25.54
2000-08-31,62.58
2000-09-01,28.74
2000-09-02,4.74
2000-09-03,1.62
2000-09-04,1.2
2000-09-05,3.29
2000-09-06,6.12
2000-09-07,3.54
2000-09-08,0.45
2000-09-09,1.32
2000-09-10,1.62
2000-09-11,0.44
2000-09-12,0.91
2000-09-13,7.34
2000-09-14,4.6
2000-09-15,1.82
2000-09-16,3.11
2000-09-17,3.5
2000-09-18,15.83
2000-09-19,21.89
2000-09-20,17.29
2000-09-21,9.02
2000-09-22,8.23
2000-09-23,4.18
2000-09-24,6.8
2000-09-25,6.4
2000-09-26,1.99
2000-09-27,0.4
2000-09-28,0.02
2000-09-29,0.0
2000-09-30,0.11
2000-10-01,2.27
2000-10-02,1.43
2000-10-03,3.42
2000-10-04,10.14
2000-10-05,5.7
2000-10-06,0.23
2000-10-07,6.14
2000-10-08,6.33
2000-10-09,0.64
2000-10-10,0.61
2000-10-11,0.52
2000-10-12,2.7
2000-10-13,2.2
2000-10-14,0.05
2000-10-15,0.08
2000-10-16,1.01
2000-10-17,4.36
2000-10-18,4.16
2000-10-19,2.15
2000-10-20,2.2
2000-10-21,2.73
2000-10-22,0.87
2000-10-23,0.04
2000-10-24,0.02
2000-10-25,0.0
2000-10-26,3.18
2000-10-27,49.95
2000-10-28,35.15
2000-10-29,2.22
2000-10-30,0.0
2000-10-31,0.0
2000-11-01,0.06
2000-11-02,0.03
2000-11-03,0.0
2000-11-04,0.0
2000-11-05,0.0
2000-11-06,0.0
2000-11-07,0.0
2000-11-08,0.0
2000-11-09,0.0
2000-11-10,0.0
2000-11-11,0.0
2000-11-12,0.0
2000-11-13,2.58
2000-11-14,1.8
2000-11-15,0.0
2000-11-16,0.0
2000-11-17,0.0
2000-11-18,0.0
2000-11-19,0.0
2000-11-20,0.0
2000-11-21,0.0
2000-11-22,0.0
2000-11-23,0.0
2000-11-24,0.0
2000-11-25,0.0
2000-11-26,0.0
2000-11-27,0.0
2000-11-28,7.34
2000-11-29,2.33
2000-11-30,0.0
2000-12-01,0.0
2000-12-02,0.0
2000-12-03,0.0
2000-12-04,0.0
2000-12-05,0.0
2000-12-06,0.0
2000-12-07,0.0
2000-12-08,0.0
2000-12-09,0.0
2000-12-10,0.0
2000-12-11,0.0
2000-12-12,0.0
2000-12-13,0.0
2000-12-14,0.0
2000-12-15,0.0
2000-12-16,0.0
2000-12-17,0.0
2000-12-18,0.0
2000-12-19,0.0
2000-12-20,0.0
2000-12-21,0.0
2000-12-22,0.0
2000-12-23,0.0
2000-12-24,0.0
2000-12-25,0.0
2000-12-26,0.0
2000-12-27,0.0
2000-12-28,0.0
2000-12-29,0.0
2000-12-30,0.0
2000-12-31,0.0
2001-01-01,0.0
2001-01-02,0.0
2001-01-03,0.0
2001-01-04,0.0
2001-01-05,0.0
2001-01-06,0.0
2001-01-07,0.0
2001-01-08,0.0
2001-01-09,0.0
2001-01-10,0.0
2001-01-11,0.0
2001-01-12,0.0
2001-01-13,0.0
2001-01-14,0.0
2001-01-15,0.0
2001-01-16,0.0
2001-01-17,0.0
2001-01-18,0.0
2001-01-19,0.0
2001-01-20,0.0
2001-01-21,0.0
2001-01-22,0.0
2001-01-23,0.0
2001-01-24,0.0
2001-01-25,0.0
2001-01-26,0.0
2001-01-27,0.0
2001-01-28,0.0
2001-01-29,0.0
2001-01-30,0.0
2001-01-31,0.0
2001-02-01,0.0
2001-02-02,0.0
2001-02-03,0.0
2001-02-04,0.0
2001-02-05,0.0
2001-02-06,0.0
2001-02-07,0.0
2001-02-08,0.0
2001-02-09,0.0
2001-02-10,0.0
2001-02-11,0.0
2001-02-12,0.0
2001-02-13,0.0
2001-02-14,0.0
2001-02-15,0.0
2001-02-16,0.0
2001-02-17,0.0
2001-02-18,0.0
2001-02-19,0.0
2001-02-20,0.0
2001-02-21,3.04
2001-02-22,4.21
2001-02-23,0.0
2001-02-24,0.04
2001-02-25,0.13
2001-02-26,3.46
2001-02-27,4.97
2001-02-28,2.08
2001-03-01,1.85
2001-03-02,0.08
2001-03-03,0.0
2001-03-04,0.0
2001-03-05,0.13
2001-03-06,0.1
2001-03-07,0.0
2001-03-08,0.0
2001-03-09,0.0
2001-03-10,0.0
2001-03-11,0.0
2001-03-12,0.0
2001-03-13,0.0
2001-03-14,0.0
2001-03-15,0.0
2001-03-16,0.0
2001-03-17,0.0
2001-03-18,0.19
2001-03-19,0.0
2001-03-20,0.0
2001-03-21,0.0
2001-03-22,0.0
2001-03-23,3.48
2001-03-24,0.11
2001-03-25,0.01
2001-03-26,0.04
2001-03-27,0.07
2001-03-28,0.27
2001-03-29,0.48
2001-03-30,2.03
2001-03-31,1.89
2001-04-01,1.54
2001-04-02,5.07
2001-04-03,3.32
2001-04-04,0.0
2001-04-05,0.0
2001-04-06,0.0
2001-04-07,0.62
2001-04-08,0.07
2001-04-09,0.0
2001-04-10,0.0
2001-04-11,0.06
2001-04-12,0.05
2001-04-13,1.65
2001-04-14,1.08
2001-04-15,0.85
2001-04-16,0.67
2001-04-17,0.84
2001-04-18,1.12
2001-04-19,0.54
2001-04-20,0.04
2001-04-21,0.0
2001-04-22,0.0
2001-04-23,0.0
2001-04-24,0.0
2001-04-25,0.0
2001-04-26,0.01
2001-04-27,0.02
2001-04-28,0.24
2001-04-29,0.96
2001-04-30,4.46
2001-05-01,5.79
2001-05-02,1.16
2001-05-03,3.28
2001-05-04,11.48
2001-05-05,7.81
2001-05-06,7.77
2001-05-07,18.38
2001-05-08,28.82
2001-05-09,13.24
2001-05-10,16.08
2001-05-11,44.46
2001-05-12,23.48
2001-05-13,0.84
2001-05-14,0.08
2001-05-15,0.03
2001-05-16,0.13
2001-05-17,0.27
2001-05-18,0.24
2001-05-19,0.64
2001-05-20,2.17
2001-05-21,3.82
2001-05-22,8.01
2001-05-23,6.86
2001-05-24,10.59
2001-05-25,2.44
2001-05-26,7.67
2001-05-27,2.4
2001-05-28,13.01
2001-05-29,2.56
2001-05-30,5.63
2001-05-31,11.6
2001-06-01,14.78
2001-06-02,9.35
2001-06-03,18.42
2001-06-04,16.63
2001-06-05,19.58
2001-06-06,22.0
2001-06-07,31.59
2001-06-08,14.71
2001-06-09,3.73
2001-06-10,2.52
2001-06-11,3.49
2001-06-12,1.7
2001-06-13,11.62
2001-06-14,50.53
2001-06-15,44.17
2001-06-16,31.18
2001-06-17,48.88
2001-06-18,26.41
2001-06-19,29.41
2001-06-20,26.83
2001-06-21,12.86
2001-06-22,8.24
2001-06-23,6.87
2001-06-24,6.41
2001-06-25,4.08
2001-06-26,7.92
2001-06-27,20.12
2001-06-28,4.32
2001-06-29,14.04
2001-06-30,29.04
2001-07-01,41.8
2001-07-02,15.74
2001-07-03,1.43
2001-07-04,3.77
2001-07-05,0.75
2001-07-06,1.96
2001-07-07,5.07
2001-07-08,7.27
2001-07-09,8.1
2001-07-10,26.11
2001-07-11,18.74
2001-07-12,23.17
2001-07-13,4.95
2001-07-14,6.25
2001-07-15,4.59
2001-07-16,4.91
2001-07-17,5.2
2001-07-18,3.06
2001-07-19,10.63
2001-07-20,10.42
2001-07-21,10.24
2001-07-22,6.42
2001-07-23,6.86
2001-07-24,7.88
2001-07-25,13.04
2001-07-26,25.52
2001-07-27,8.52
2001-07-28,41.34
2001-07-29,59.01
2001-07-30,43.73
2001-07-31,13.17
2001-08-01,23.75
2001-08-02,4.53
2001-08-03,2.81
2001-08-04,9.35
2001-08-05,20.6
2001-08-06,15.23
2001-08-07,3.87
2001-08-08,7.93
2001-08-09,4.8
2001-08-10,1.23
2001-08-11,1.92
2001-08-12,1.47
2001-08-13,3.43
2001-08-14,17.27
2001-08-15,14.64
2001-08-16,5.25
2001-08-17,8.19
2001-08-18,3.49
2001-08-19,1.35
2001-08-20,2.6
2001-08-21,1.46
2001-08-22,3.31
2001-08-23,1.97
2001-08-24,3.41
2001-08-25,6.59
2001-08-26,9.26
2001-08-27,8.09
2001-08-28,2.43
2001-08-29,11.15
2001-08-30,10.75
2001-08-31,2.59
2001-09-01,1.04
2001-09-02,2.94
2001-09-03,0.76
2001-09-04,1.46
2001-09-05,4.38
2001-09-06,9.69
2001-09-07,10.12
2001-09-08,2.32
2001-09-09,13.93
2001-09-10,22.12
2001-09-11,10.16
2001-09-12,5.33
2001-09-13,2.85
2001-09-14,1.54
2001-09-15,4.19
2001-09-16,5.55
2001-09-17,10.52
2001-09-18,23.6
2001-09-19,4.75
2001-09-20,0.17
2001-09-21,0.24
2001-09-22,0.5
2001-09-23,1.88
2001-09-24,2.26
2001-09-25,0.47
2001-09-26,0.65
2001-09-27,0.27
2001-09-28,0.29
2001-09-29,1.07
2001-09-30,9.44
2001-10-01,11.17
2001-10-02,6.13
2001-10-03,16.07
2001-10-04,12.29
2001-10-05,13.46
2001-10-06,0.51
2001-10-07,1.33
2001-10-08,2.54
2001-10-09,12.06
2001-10-10,14.17
2001-10-11,4.89
2001-10-12,13.14
2001-10-13,1.26
2001-10-14,12.83
2001-10-15,10.78
2001-10-16,1.3
2001-10-17,4.44
2001-10-18,11.29
2001-10-19,2.76
2001-10-20,0.22
2001-10-21,0.0
2001-10-22,0.03
2001-10-23,0.0
2001-10-24,0.0
2001-10-25,0.0
2001-10-26,0.08
2001-10-27,6.99
2001-10-28,4.36
2001-10-29,2.78
2001-10-30,29.68
2001-10-31,24.1
2001-11-01,0.7
2001-11-02,1.1
2001-11-03,0.03
2001-11-04,0.01
2001-11-05,0.05
2001-11-06,0.07
2001-11-07,0.22
2001-11-08,0.93
2001-11-09,0.32
2001-11-10,7.44
2001-11-11,25.84
2001-11-12,6.6
2001-11-13,0.92
2001-11-14,0.01
2001-11-15,0.0
2001-11-16,0.0
2001-11-17,0.0
2001-11-18,0.0
2001-11-19,0.05
2001-11-20,0.06
2001-11-21,0.0
2001-11-22,0.0
2001-11-23,0.13
2001-11-24,0.0
2001-11-25,0.0
2001-11-26,0.0
2001-11-27,0.0
2001-11-28,0.0
2001-11-29,0.0
2001-11-30,0.0
2001-12-01,0.0
2001-12-02,0.0
2001-12-03,0.0
2001-12-04,0.0
2001-12-05,0.0
2001-12-06,0.0
2001-12-07,0.0
2001-12-08,0.0
2001-12-09,0.0
2001-12-10,0.0
2001-12-11,0.0
2001-12-12,0.0
2001-12-13,0.0
2001-12-14,0.0
2001-12-15,0.0
2001-12-16,0.0
2001-12-17,0.0
2001-12-18,0.0
2001-12-19,0.0
2001-12-20,0.0
2001-12-21,0.17
2001-12-22,4.11
2001-12-23,0.0
2001-12-24,0.0
2001-12-25,0.0
2001-12-26,0.0
2001-12-27,0.0
2001-12-28,0.0
2001-12-29,0.0
2001-12-30,0.0
2001-12-31,0.0
2002-01-01,0.0
2002-01-02,0.0
2002-01-03,0.0
2002-01-04,0.0
2002-01-05,0.0
2002-01-06,0.0
2002-01-07,0.04
2002-01-08,0.13
2002-01-09,0.0
2002-01-10,0.0
2002-01-11,0.0
2002-01-12,0.0
2002-01-13,0.0
2002-01-14,0.0
2002-01-15,0.0
2002-01-16,0.0
2002-01-17,0.0
2002-01-18,0.0
2002-01-19,0.0
2002-01-20,0.0
2002-01-21,0.0
2002-01-22,0.01
2002-01-23,0.76
2002-01-24,5.12
2002-01-25,0.09
2002-01-26,0.0
2002-01-27,0.0
2002-01-28,0.78
2002-01-29,2.7
2002-01-30,3.41
2002-01-31,0.0
2002-02-01,0.0
2002-02-02,0.0
2002-02-03,0.0
2002-02-04,0.0
2002-02-05,0.0
2002-02-06,0.0
2002-02-07,0.0
2002-02-08,0.0
2002-02-09,0.0
2002-02-10,0.0
2002-02-11,0.0
2002-02-12,0.0
2002-02-13,0.0
2002-02-14,0.0
2002-02-15,0.0
2002-02-16,0.0
2002-02-17,0.0
2002-02-18,0.0
2002-02-19,0.0
2002-02-20,0.0
2002-02-21,0.0
2002-02-22,0.0
2002-02-23,0.0
2002-02-24,0.0
2002-02-25,0.01
2002-02-26,0.02
2002-02-27,0.0
2002-02-28,0.0
2002-03-01,0.0
2002-03-02,0.0
2002-03-03,0.12
2002-03-04,5.42
2002-03-05,0.0
2002-03-06,0.0
2002-03-07,0.0
2002-03-08,0.15
2002-03-09,0.15
2002-03-10,0.0
2002-03-11,0.06
2002-03-12,0.1
2002-03-13,0.0
2002-03-14,0.0
2002-03-15,0.05
2002-03-16,0.26
2002-03-17,0.0
2002-03-18,0.0
2002-03-19,0.0
2002-03-20,0.0
2002-03-21,0.0
2002-03-22,0.0
2002-03-23,0.16
2002-03-24,1.81
2002-03-25,2.9
2002-03-26,1.26
2002-03-27,16.92
2002-03-28,2.49
2002-03-29,0.38
2002-03-30,0.36
2002-03-31,1.35
2002-04-01,1.78
2002-04-02,10.95
2002-04-03,15.81
2002-04-04,3.04
2002-04-05,0.28
2002-04-06,0.14
2002-04-07,0.02
2002-04-08,0.49
2002-04-09,3.55
2002-04-10,3.96
2002-04-11,13.41
2002-04-12,0.49
2002-04-13,0.38
2002-04-14,0.01
2002-04-15,0.02
2002-04-16,0.0
2002-04-17,0.0
2002-04-18,0.0
2002-04-19,0.0
2002-04-20,0.0
2002-04-21,0.04
2002-04-22,0.11
2002-04-23,0.22
2002-04-24,0.21
2002-04-25,0.11
2002-04-26,0.8
2002-04-27,10.45
2002-04-28,0.14
2002-04-29,0.29
2002-04-30,0.74
2002-05-01,0.7
2002-05-02,0.51
2002-05-03,0.22
2002-05-04,1.45
2002-05-05,0.22
2002-05-06,8.81
2002-05-07,9.6
2002-05-08,11.03
2002-05-09,14.44
2002-05-10,4.2
2002-05-11,5.44
2002-05-12,5.28
2002-05-13,6.82
2002-05-14,2.85
2002-05-15,4.52
2002-05-16,3.98
2002-05-17,0.54
2002-05-18,0.17
2002-05-19,0.41
2002-05-20,0.58
2002-05-21,0.58
2002-05-22,1.68
2002-05-23,7.03
2002-05-24,10.13
2002-05-25,16.48
2002-05-26,23.84
2002-05-27,18.35
2002-05-28,5.7
2002-05-29,1.2
2002-05-30,3.59
2002-05-31,8.52
2002-06-01,10.96
2002-06-02,5.02
2002-06-03,3.97
2002-06-04,5.85
2002-06-05,4.01
2002-06-06,1.63
2002-06-07,14.69
2002-06-08,22.0
2002-06-09,4.83
2002-06-10,5.92
2002-06-11,23.77
2002-06-12,49.67
2002-06-13,36.29
2002-06-14,4.02
2002-06-15,3.2
2002-06-16,0.45
2002-06-17,4.02
2002-06-18,25.17
2002-06-19,0.92
2002-06-20,0.63
2002-06-21,3.96
2002-06-22,17.92
2002-06-23,8.84
2002-06-24,7.3
2002-06-25,9.69
2002-06-26,8.64
2002-06-27,7.55
2002-06-28,16.81
2002-06-29,42.9
2002-06-30,53.67
2002-07-01,54.64
2002-07-02,65.49
2002-07-03,25.1
2002-07-04,39.11
2002-07-05,28.86
2002-07-06,22.39
2002-07-07,2.53
2002-07-08,1.77
2002-07-09,4.06
2002-07-10,6.98
2002-07-11,4.9
2002-07-12,2.0
2002-07-13,8.92
2002-07-14,12.81
2002-07-15,6.3
2002-07-16,7.45
2002-07-17,3.82
2002-07-18,3.78
2002-07-19,16.3
2002-07-20,24.64
2002-07-21,55.87
2002-07-22,36.85
2002-07-23,9.32
2002-07-24,3.55
2002-07-25,0.87
2002-07-26,1.66
2002-07-27,6.08
2002-07-28,3.03
2002-07-29,2.6
2002-07-30,6.69
2002-07-31,1.3
2002-08-01,2.5
2002-08-02,16.66
2002-08-03,19.44
2002-08-04,14.87
2002-08-05,14.1
2002-08-06,0.61
2002-08-07,1.9
2002-08-08,4.88
2002-08-09,6.26
2002-08-10,8.46
2002-08-11,23.39
2002-08-12,39.29
2002-08-13,13.14
2002-08-14,14.01
2002-08-15,11.65
2002-08-16,14.98
2002-08-17,9.71
2002-08-18,3.47
2002-08-19,4.02
2002-08-20,5.73
2002-08-21,3.87
2002-08-22,7.27
2002-08-23,11.1
2002-08-24,1.49
2002-08-25,3.69
2002-08-26,4.76
2002-08-27,4.28
2002-08-28,6.81
2002-08-29,3.46
2002-08-30,1.58
2002-08-31,2.11
2002-09-01,4.06
2002-09-02,5.51
2002-09-03,9.5
2002-09-04,15.72
2002-09-05,5.04
2002-09-06,3.38
2002-09-07,2.24
2002-09-08,9.62
2002-09-09,16.73
2002-09-10,30.09
2002-09-11,20.0
2002-09-12,2.36
2002-09-13,0.38
2002-09-14,0.01
2002-09-15,2.68
2002-09-16,6.03
2002-09-17,0.93
2002-09-18,0.11
2002-09-19,0.14
2002-09-20,2.19
2002-09-21,6.76
2002-09-22,3.73
2002-09-23,11.44
2002-09-24,16.42
2002-09-25,3.11
2002-09-26,6.83
2002-09-27,7.93
2002-09-28,8.07
2002-09-29,3.06
2002-09-30,0.06
2002-10-01,0.22
2002-10-02,2.03
2002-10-03,3.32
2002-10-04,0.15
2002-10-05,0.02
2002-10-06,0.04
2002-10-07,2.03
2002-10-08,3.22
2002-10-09,0.65
2002-10-10,0.27
2002-10-11,0.66
2002-10-12,1.74
2002-10-13,4.3
2002-10-14,20.12
2002-10-15,14.63
2002-10-16,0.95
2002-10-17,0.6
2002-10-18,2.96
2002-10-19,15.02
2002-10-20,1.38
2002-10-21,0.03
2002-10-22,0.0
2002-10-23,0.0
2002-10-24,0.0
2002-10-25,0.0
2002-10-26,0.0
2002-10-27,0.0
2002-10-28,0.0
2002-10-29,0.0
2002-10-30,0.0
2002-10-31,0.0
2002-11-01,0.0
2002-11-02,0.0
2002-11-03,0.0
2002-11-04,0.03
2002-11-05,0.03
2002-11-06,0.01
2002-11-07,0.0
2002-11-08,0.0
2002-11-09,0.0
2002-11-10,0.01
2002-11-11,7.53
2002-11-12,51.67
2002-11-13,8.46
2002-11-14,0.0
2002-11-15,0.0
2002-11-16,0.0
2002-11-17,0.0
2002-11-18,0.0
2002-11-19,0.0
2002-11-20,0.0
2002-11-21,0.0
2002-11-22,0.0
2002-11-23,0.0
2002-11-24,0.0
2002-11-25,0.02
2002-11-26,4.23
2002-11-27,0.32
2002-11-28,0.23
2002-11-29,1.27
2002-11-30,1.16
2002-12-01,0.07
2002-12-02,0.0
2002-12-03,0.0
2002-12-04,0.0
2002-12-05,0.0
2002-12-06,0.01
2002-12-07,0.1
2002-12-08,0.0
2002-12-09,0.0
2002-12-10,0.0
2002-12-11,0.0
2002-12-12,0.0
2002-12-13,0.0
2002-12-14,0.0
2002-12-15,0.0
2002-12-16,0.0
2002-12-17,0.0
2002-12-18,0.0
2002-12-19,0.0
2002-12-20,0.0
2002-12-21,0.0
2002-12-22,0.0
2002-12-23,0.0
2002-12-24,0.0
2002-12-25,0.0
2002-12-26,0.0
2002-12-27,0.0
2002-12-28,0.0
2002-12-29,0.0
2002-12-30,0.0
2002-12-31,0.0
2003-01-01,0.0
2003-01-02,0.0
2003-01-03,0.0
2003-01-04,0.0
2003-01-05,0.0
2003-01-06,0.0
2003-01-07,0.0
2003-01-08,0.0
2003-01-09,0.0
2003-01-10,0.0
2003-01-11,0.0
2003-01-12,0.0
2003-01-13,0.0
2003-01-14,0.0
2003-01-15,0.0
2003-01-16,0.0
2003-01-17,0.0
2003-01-18,0.0
2003-01-19,0.0
2003-01-20,0.0
2003-01-21,0.0
2003-01-22,0.0
2003-01-23,0.0
2003-01-24,0.0
2003-01-25,0.0
2003-01-26,0.0
2003-01-27,0.0
2003-01-28,0.0
2003-01-29,0.0
2003-01-30,0.19
2003-01-31,0.0
2003-02-01,0.0
2003-02-02,0.0
2003-02-03,0.0
2003-02-04,0.32
2003-02-05,0.12
2003-02-06,0.0
2003-02-07,0.0
2003-02-08,0.0
2003-02-09,0.0
2003-02-10,0.0
2003-02-11,0.01
2003-02-12,0.52
2003-02-13,2.18
2003-02-14,0.9
2003-02-15,0.06
2003-02-16,0.0
2003-02-17,0.0
2003-02-18,0.01
2003-02-19,0.8
2003-02-20,0.01
2003-02-21,0.0
2003-02-22,0.0
2003-02-23,0.0
2003-02-24,0.0
2003-02-25,0.0
2003-02-26,0.02
2003-02-27,0.1
2003-02-28,0.01
2003-03-01,0.0
2003-03-02,0.01
2003-03-03,0.01
2003-03-04,0.0
2003-03-05,0.0
2003-03-06,0.0
2003-03-07,0.0
2003-03-08,0.0
2003-03-09,0.0
2003-03-10,0.0
2003-03-11,0.27
2003-03-12,1.12
2003-03-13,32.0
2003-03-14,4.66
2003-03-15,10.42
2003-03-16,7.65
2003-03-17,14.87
2003-03-18,0.48
2003-03-19,4.14
2003-03-20,2.57
2003-03-21,0.01
2003-03-22,0.03
2003-03-23,0.0
2003-03-24,0.0
2003-03-25,0.0
2003-03-26,0.07
2003-03-27,3.44
2003-03-28,2.12
2003-03-29,0.01
2003-03-30,6.79
2003-03-31,20.27
2003-04-01,5.76
2003-04-02,4.84
2003-04-03,0.13
2003-04-04,4.06
2003-04-05,1.88
2003-04-06,0.0
2003-04-07,0.0
2003-04-08,0.0
2003-04-09,0.0
2003-04-10,0.0
2003-04-11,0.0
2003-04-12,0.0
2003-04-13,0.0
2003-04-14,0.01
2003-04-15,0.03
2003-04-16,0.31
2003-04-17,1.48
2003-04-18,0.23
2003-04-19,0.08
2003-04-20,2.78
2003-04-21,8.34
2003-04-22,7.36
2003-04-23,0.46
2003-04-24,0.1
2003-04-25,0.03
2003-04-26,0.03
2003-04-27,0.4
2003-04-28,0.98
2003-04-29,0.4
2003-04-30,2.58
2003-05-01,4.41
2003-05-02,9.1
2003-05-03,18.49
2003-05-04,1.29
2003-05-05,0.86
2003-05-06,0.57
2003-05-07,0.34
2003-05-08,0.92
2003-05-09,1.0
2003-05-10,1.43
2003-05-11,0.0
2003-05-12,0.03
2003-05-13,0.1
2003-05-14,0.36
2003-05-15,0.2
2003-05-16,0.44
2003-05-17,0.23
2003-05-18,0.21
2003-05-19,0.44
2003-05-20,3.92
2003-05-21,12.8
2003-05-22,6.0
2003-05-23,1.97
2003-05-24,3.0
2003-05-25,3.63
2003-05-26,1.53
2003-05-27,0.61
2003-05-28,0.92
2003-05-29,0.1
2003-05-30,0.06
2003-05-31,0.09
2003-06-01,0.16
2003-06-02,0.21
2003-06-03,2.52
2003-06-04,6.35
2003-06-05,2.99
2003-06-06,1.7
2003-06-07,15.06
2003-06-08,16.82
2003-06-09,4.43
2003-06-10,22.47
2003-06-11,11.07
2003-06-12,6.11
2003-06-13,5.86
2003-06-14,0.16
2003-06-15,0.63
2003-06-16,0.65
2003-06-17,5.07
2003-06-18,25.32
2003-06-19,8.26
2003-06-20,57.06
2003-06-21,49.91
2003-06-22,45.77
2003-06-23,25.3
2003-06-24,15.97
2003-06-25,15.08
2003-06-26,10.68
2003-06-27,7.6
2003-06-28,16.56
2003-06-29,19.49
2003-06-30,7.16
2003-07-01,7.29
2003-07-02,0.52
2003-07-03,1.22
2003-07-04,4.37
2003-07-05,4.08
2003-07-06,3.7
2003-07-07,2.41
2003-07-08,1.01
2003-07-09,1.87
2003-07-10,11.8
2003-07-11,13.08
2003-07-12,5.71
2003-07-13,4.94
2003-07-14,6.88
2003-07-15,1.74
2003-07-16,2.01
2003-07-17,1.55
2003-07-18,1.93
2003-07-19,6.03
2003-07-20,7.39
2003-07-21,5.21
2003-07-22,6.24
2003-07-23,3.5
2003-07-24,7.66
2003-07-25,8.47
2003-07-26,15.93
2003-07-27,30.83
2003-07-28,20.2
2003-07-29,14.71
2003-07-30,37.64
2003-07-31,15.84
2003-08-01,7.8
2003-08-02,2.99
2003-08-03,1.09
2003-08-04,1.04
2003-08-05,0.56
2003-08-06,0.35
2003-08-07,0.9
2003-08-08,3.23
2003-08-09,14.02
2003-08-10,30.69
2003-08-11,27.45
2003-08-12,10.03
2003-08-13,6.71
2003-08-14,6.91
2003-08-15,4.06
2003-08-16,3.32
2003-08-17,0.93
2003-08-18,1.64
2003-08-19,3.62
2003-08-20,0.28
2003-08-21,0.78
2003-08-22,5.79
2003-08-23,6.42
2003-08-24,6.07
2003-08-25,4.14
2003-08-26,3.09
2003-08-27,11.38
2003-08-28,18.56
2003-08-29,5.75
2003-08-30,11.98
2003-08-31,8.46
2003-09-01,2.78
2003-09-02,8.69
2003-09-03,10.01
2003-09-04,2.27
2003-09-05,2.7
2003-09-06,7.36
2003-09-07,16.79
2003-09-08,14.53
2003-09-09,0.58
2003-09-10,0.94
2003-09-11,2.63
2003-09-12,3.78
2003-09-13,3.33
2003-09-14,0.47
2003-09-15,2.1
2003-09-16,1.11
2003-09-17,0.45
2003-09-18,0.3
2003-09-19,1.14
2003-09-20,3.12
2003-09-21,0.51
2003-09-22,0.58
2003-09-23,1.8
2003-09-24,2.71
2003-09-25,3.23
2003-09-26,13.76
2003-09-27,20.59
2003-09-28,2.12
2003-09-29,0.49
2003-09-30,2.76
2003-10-01,2.35
2003-10-02,1.78
2003-10-03,2.65
2003-10-04,2.88
2003-10-05,4.86
2003-10-06,11.78
2003-10-07,44.43
2003-10-08,70.18
2003-10-09,16.89
2003-10-10,8.26
2003-10-11,1.84
2003-10-12,0.0
2003-10-13,0.0
2003-10-14,1.45
2003-10-15,3.14
2003-10-16,0.35
2003-10-17,0.35
2003-10-18,0.8
2003-10-19,0.95
2003-10-20,11.48
2003-10-21,6.18
2003-10-22,7.91
2003-10-23,7.74
2003-10-24,5.14
2003-10-25,6.87
2003-10-26,2.14
2003-10-27,8.36
2003-10-28,7.43
2003-10-29,0.1
2003-10-30,0.0
2003-10-31,0.8
2003-11-01,0.87
2003-11-02,0.35
2003-11-03,0.21
2003-11-04,0.0
2003-11-05,0.0
2003-11-06,0.0
2003-11-07,0.0
2003-11-08,0.0
2003-11-09,0.0
2003-11-10,0.0
2003-11-11,0.0
2003-11-12,0.04
2003-11-13,0.0
2003-11-14,0.0
2003-11-15,0.0
2003-11-16,0.0
2003-11-17,0.0
2003-11-18,0.0
2003-11-19,0.0
2003-11-20,0.0
2003-11-21,0.0
2003-11-22,0.0
2003-11-23,0.0
2003-11-24,0.0
2003-11-25,0.0
2003-11-26,0.0
2003-11-27,0.0
2003-11-28,0.0
2003-11-29,0.0
2003-11-30,0.0
2003-12-01,0.0
2003-12-02,0.0
2003-12-03,0.0
2003-12-04,0.0
2003-12-05,0.0
2003-12-06,0.0
2003-12-07,0.0
2003-12-08,0.0
2003-12-09,0.0
2003-12-10,0.0
2003-12-11,0.0
2003-12-12,0.0
2003-12-13,0.0
2003-12-14,0.0
2003-12-15,0.0
2003-12-16,0.28
2003-12-17,6.38
2003-12-18,6.74
2003-12-19,5.52
2003-12-20,0.63
2003-12-21,0.01
2003-12-22,0.0
2003-12-23,0.0
2003-12-24,0.0
2003-12-25,0.0
2003-12-26,0.0
2003-12-27,0.02
2003-12-28,4.05
2003-12-29,0.8
2003-12-30,0.0
2003-12-31,0.0
2004-01-01,0.0
2004-01-02,0.0
2004-01-03,0.0
2004-01-04,0.0
2004-01-05,0.0
2004-01-06,0.0
2004-01-07,0.0
2004-01-08,0.0
2004-01-09,0.0
2004-01-10,0.0
2004-01-11,0.0
2004-01-12,0.0
2004-01-13,0.0
2004-01-14,0.0
2004-01-15,0.0
2004-01-16,0.0
2004-01-17,0.0
2004-01-18,0.0
2004-01-19,0.0
2004-01-20,0.02
2004-01-21,0.0
2004-01-22,0.0
2004-01-23,0.0
2004-01-24,0.44
2004-01-25,0.01
2004-01-26,0.0
2004-01-27,0.0
2004-01-28,0.0
2004-01-29,0.0
2004-01-30,0.0
2004-01-31,0.0
2004-02-01,0.03
2004-02-02,0.0
2004-02-03,0.0
2004-02-04,0.0
2004-02-05,0.0
2004-02-06,0.02
2004-02-07,0.01
2004-02-08,0.0
2004-02-09,0.0
2004-02-10,0.0
2004-02-11,0.0
2004-02-12,0.0
2004-02-13,0.0
2004-02-14,0.0
2004-02-15,0.0
2004-02-16,0.0
2004-02-17,0.0
2004-02-18,0.0
2004-02-19,0.0
2004-02-20,0.02
2004-02-21,0.01
2004-02-22,0.0
2004-02-23,0.0
2004-02-24,0.0
2004-02-25,0.0
2004-02-26,0.0
2004-02-27,0.0
2004-02-28,0.0
2004-02-29,0.0
2004-03-01,0.0
2004-03-02,0.0
2004-03-03,0.0
2004-03-04,0.0
2004-03-05,0.0
2004-03-06,0.0
2004-03-07,2.92
2004-03-08,0.15
2004-03-09,0.01
2004-03-10,2.14
2004-03-11,0.3
2004-03-12,0.0
2004-03-13,0.0
2004-03-14,0.73
2004-03-15,0.0
2004-03-16,0.0
2004-03-17,0.22
2004-03-18,0.0
2004-03-19,0.0
2004-03-20,0.0
2004-03-21,0.0
2004-03-22,0.0
2004-03-23,0.0
2004-03-24,0.0
2004-03-25,0.0
2004-03-26,0.0
2004-03-27,0.02
2004-03-28,0.43
2004-03-29,0.23
2004-03-30,0.11
2004-03-31,0.08
2004-04-01,0.63
2004-04-02,1.62
2004-04-03,0.38
2004-04-04,1.4
2004-04-05,1.39
2004-04-06,4.28
2004-04-07,5.18
2004-04-08,1.96
2004-04-09,6.33
2004-04-10,9.57
2004-04-11,1.57
2004-04-12,0.13
2004-04-13,0.01
2004-04-14,0.0
2004-04-15,0.0
2004-04-16,0.24
2004-04-17,0.36
2004-04-18,2.88
2004-04-19,2.57
2004-04-20,0.76
2004-04-21,1.74
2004-04-22,2.65
2004-04-23,11.07
2004-04-24,9.86
2004-04-25,0.03
2004-04-26,2.98
2004-04-27,2.7
2004-04-28,0.94
2004-04-29,2.36
2004-04-30,2.56
2004-05-01,0.02
2004-05-02,0.0
2004-05-03,0.0
2004-05-04,0.0
2004-05-05,0.0
2004-05-06,0.0
2004-05-07,0.0
2004-05-08,0.0
2004-05-09,0.0
2004-05-10,0.02
2004-05-11,0.67
2004-05-12,1.96
2004-05-13,0.49
2004-05-14,0.87
2004-05-15,1.89
2004-05-16,0.37
2004-05-17,1.28
2004-05-18,0.98
2004-05-19,3.65
2004-05-20,9.65
2004-05-21,24.92
2004-05-22,19.53
2004-05-23,21.98
2004-05-24,3.7
2004-05-25,2.93
2004-05-26,1.05
2004-05-27,0.16
2004-05-28,0.94
2004-05-29,0.78
2004-05-30,0.37
2004-05-31,0.62
2004-06-01,1.77
2004-06-02,2.82
2004-06-03,7.48
2004-06-04,4.83
2004-06-05,0.17
2004-06-06,2.93
2004-06-07,4.6
2004-06-08,1.05
2004-06-09,5.02
2004-06-10,0.79
2004-06-11,1.91
2004-06-12,6.81
2004-06-13,19.09
2004-06-14,39.76
2004-06-15,45.05
2004-06-16,13.8
2004-06-17,17.0
2004-06-18,5.45
2004-06-19,15.95
2004-06-20,22.76
2004-06-21,21.7
2004-06-22,16.15
2004-06-23,1.55
2004-06-24,2.24
2004-06-25,0.78
2004-06-26,1.9
2004-06-27,0.57
2004-06-28,4.39
2004-06-29,9.77
2004-06-30,5.36
2004-07-01,4.04
2004-07-02,1.64
2004-07-03,12.62
2004-07-04,13.43
2004-07-05,9.65
2004-07-06,19.28
2004-07-07,15.33
2004-07-08,14.59
2004-07-09,13.61
2004-07-10,8.7
2004-07-11,2.83
2004-07-12,5.52
2004-07-13,3.22
2004-07-14,4.65
2004-07-15,8.37
2004-07-16,8.85
2004-07-17,6.73
2004-07-18,9.64
2004-07-19,11.94
2004-07-20,12.67
2004-07-21,7.15
2004-07-22,7.21
2004-07-23,0.91
2004-07-24,2.83
2004-07-25,2.38
2004-07-26,2.73
2004-07-27,13.53
2004-07-28,13.33
2004-07-29,8.3
2004-07-30,7.39
2004-07-31,2.59
2004-08-01,0.38
2004-08-02,3.95
2004-08-03,6.36
2004-08-04,15.26
2004-08-05,29.7
2004-08-06,16.72
2004-08-07,8.48
2004-08-08,3.02
2004-08-09,1.62
2004-08-10,10.25
2004-08-11,11.65
2004-08-12,47.53
2004-08-13,48.91
2004-08-14,6.1
2004-08-15,2.19
2004-08-16,0.81
2004-08-17,1.32
2004-08-18,3.14
2004-08-19,4.11
2004-08-20,2.01
2004-08-21,2.29
2004-08-22,2.43
2004-08-23,1.83
2004-08-24,0.7
2004-08-25,12.83
2004-08-26,22.87
2004-08-27,7.8
2004-08-28,27.85
2004-08-29,23.55
2004-08-30,22.1
2004-08-31,29.47
2004-09-01,1.78
2004-09-02,5.84
2004-09-03,5.43
2004-09-04,14.87
2004-09-05,22.37
2004-09-06,3.41
2004-09-07,4.09
2004-09-08,7.44
2004-09-09,2.29
2004-09-10,21.51
2004-09-11,56.78
2004-09-12,94.77
2004-09-13,71.59
2004-09-14,30.75
2004-09-15,74.3
2004-09-16,66.73
2004-09-17,14.67
2004-09-18,4.76
2004-09-19,15.32
2004-09-20,9.44
2004-09-21,1.0
2004-09-22,18.67
2004-09-23,23.33
2004-09-24,10.01
2004-09-25,18.23
2004-09-26,2.45
2004-09-27,9.44
2004-09-28,8.73
2004-09-29,3.24
2004-09-30,5.2
2004-10-01,0.02
2004-10-02,0.15
2004-10-03,4.68
2004-10-04,18.59
2004-10-05,25.42
2004-10-06,31.4
2004-10-07,45.93
2004-10-08,19.33
2004-10-09,0.86
2004-10-10,0.0
2004-10-11,0.83
2004-10-12,8.11
2004-10-13,1.77
2004-10-14,7.1
2004-10-15,6.9
2004-10-16,0.36
2004-10-17,0.07
2004-10-18,0.0
2004-10-19,0.0
2004-10-20,0.0
2004-10-21,0.0
2004-10-22,0.0
2004-10-23,0.0
2004-10-24,0.0
2004-10-25,0.0
2004-10-26,0.0
2004-10-27,0.0
2004-10-28,0.0
2004-10-29,1.08
2004-10-30,2.32
2004-10-31,0.0
2004-11-01,0.0
2004-11-02,0.0
2004-11-03,0.0
2004-11-04,0.0
2004-11-05,0.0
2004-11-06,0.0
2004-11-07,0.0
2004-11-08,0.0
2004-11-09,0.0
2004-11-10,0.0
2004-11-11,0.0
2004-11-12,0.0
2004-11-13,0.0
2004-11-14,0.0
2004-11-15,0.0
2004-11-16,0.0
2004-11-17,0.0
2004-11-18,0.0
2004-11-19,0.0
2004-11-20,0.0
2004-11-21,0.0
2004-11-22,0.0
2004-11-23,0.01
2004-11-24,0.0
2004-11-25,0.0
2004-11-26,0.0
2004-11-27,0.0
2004-11-28,0.0
2004-11-29,0.0
2004-11-30,0.0
2004-12-01,0.0
2004-12-02,0.0
2004-12-03,0.0
2004-12-04,0.0
2004-12-05,0.0
2004-12-06,0.0
2004-12-07,0.0
2004-12-08,0.0
2004-12-09,0.0
2004-12-10,0.0
2004-12-11,0.0
2004-12-12,0.0
2004-12-13,0.0
2004-12-14,0.0
2004-12-15,0.0
2004-12-16,0.0
2004-12-17,0.0
2004-12-18,0.0
2004-12-19,0.0
2004-12-20,0.0
2004-12-21,0.0
2004-12-22,0.0
2004-12-23,0.0
2004-12-24,0.0
2004-12-25,0.0
2004-12-26,0.0
2004-12-27,0.0
2004-12-28,0.0
2004-12-29,0.0
2004-12-30,0.0
2004-12-31,0.0
2005-01-01,0.0
2005-01-02,0.0
2005-01-03,0.0
2005-01-04,0.0
2005-01-05,0.0
2005-01-06,0.0
2005-01-07,0.0
2005-01-08,0.0
2005-01-09,0.0
2005-01-10,0.0
2005-01-11,8.13
2005-01-12,3.57
2005-01-13,0.0
2005-01-14,0.0
2005-01-15,0.0
2005-01-16,0.0
2005-01-17,0.0
2005-01-18,0.0
2005-01-19,0.75
2005-01-20,0.0
2005-01-21,0.0
2005-01-22,0.0
2005-01-23,0.0
2005-01-24,0.05
2005-01-25,0.0
2005-01-26,0.0
2005-01-27,0.0
2005-01-28,0.19
2005-01-29,0.7
2005-01-30,0.0
2005-01-31,0.0
2005-02-01,0.07
2005-02-02,0.0
2005-02-03,0.0
2005-02-04,0.0
2005-02-05,0.0
2005-02-06,0.0
2005-02-07,0.0
2005-02-08,0.0
2005-02-09,0.0
2005-02-10,0.0
2005-02-11,0.0
2005-02-12,0.0
2005-02-13,0.0
2005-02-14,0.0
2005-02-15,0.0
2005-02-16,0.0
2005-02-17,0.02
2005-02-18,0.01
2005-02-19,0.01
2005-02-20,0.02
2005-02-21,0.06
2005-02-22,0.0
2005-02-23,0.0
2005-02-24,0.0
2005-02-25,0.0
2005-02-26,0.0
2005-02-27,0.0
2005-02-28,0.0
2005-03-01,0.0
2005-03-02,0.0
2005-03-03,0.0
2005-03-04,0.0
2005-03-05,0.0
2005-03-06,0.0
2005-03-07,0.1
2005-03-08,0.06
2005-03-09,0.0
2005-03-10,0.0
2005-03-11,5.38
2005-03-12,6.98
2005-03-13,0.01
2005-03-14,0.08
2005-03-15,0.01
2005-03-16,0.0
2005-03-17,0.0
2005-03-18,0.13
2005-03-19,0.13
2005-03-20,0.54
2005-03-21,0.0
2005-03-22,2.43
2005-03-23,13.02
2005-03-24,19.21
2005-03-25,4.25
2005-03-26,0.44
2005-03-27,2.02
2005-03-28,4.84
2005-03-29,0.01
2005-03-30,3.05
2005-03-31,2.45
2005-04-01,0.26
2005-04-02,0.86
2005-04-03,0.0
2005-04-04,0.13
2005-04-05,0.0
2005-04-06,0.08
2005-04-07,0.01
2005-04-08,0.09
2005-04-09,1.21
2005-04-10,8.86
2005-04-11,7.22
2005-04-12,0.93
2005-04-13,0.03
2005-04-14,0.01
2005-04-15,0.0
2005-04-16,0.01
2005-04-17,0.05
2005-04-18,0.09
2005-04-19,0.32
2005-04-20,0.1
2005-04-21,0.0
2005-04-22,0.0
2005-04-23,0.01
2005-04-24,0.02
2005-04-25,0.21
2005-04-26,0.59
2005-04-27,1.02
2005-04-28,1.25
2005-04-29,6.5
2005-04-30,6.9
2005-05-01,1.04
2005-05-02,2.11
2005-05-03,16.0
2005-05-04,0.36
2005-05-05,4.16
2005-05-06,6.17
2005-05-07,6.74
2005-05-08,0.31
2005-05-09,0.24
2005-05-10,0.07
2005-05-11,0.04
2005-05-12,0.1
2005-05-13,0.66
2005-05-14,0.54
2005-05-15,0.13
2005-05-16,0.67
2005-05-17,2.76
2005-05-18,3.48
2005-05-19,0.78
2005-05-20,1.09
2005-05-21,2.12
2005-05-22,2.84
2005-05-23,1.05
2005-05-24,2.2
2005-05-25,3.65
2005-05-26,0.16
2005-05-27,0.02
2005-05-28,0.02
2005-05-29,0.0
2005-05-30,0.0
2005-05-31,0.12
2005-06-01,0.71
2005-06-02,0.6
2005-06-03,0.49
2005-06-04,2.58
2005-06-05,13.44
2005-06-06,7.79
2005-06-07,0.12
2005-06-08,0.29
2005-06-09,3.57
2005-06-10,2.38
2005-06-11,0.11
2005-06-12,0.04
2005-06-13,0.15
2005-06-14,3.19
2005-06-15,3.77
2005-06-16,1.79
2005-06-17,0.67
2005-06-18,1.97
2005-06-19,1.53
2005-06-20,2.34
2005-06-21,0.35
2005-06-22,0.87
2005-06-23,1.82
2005-06-24,8.17
2005-06-25,6.99
2005-06-26,1.74
2005-06-27,27.18
2005-06-28,25.5
2005-06-29,16.9
2005-06-30,27.6
2005-07-01,30.19
2005-07-02,37.66
2005-07-03,35.14
2005-07-04,34.54
2005-07-05,48.3
2005-07-06,0.63
2005-07-07,0.4
2005-07-08,0.73
2005-07-09,4.67
2005-07-10,4.3
2005-07-11,5.53
2005-07-12,9.17
2005-07-13,25.74
2005-07-14,47.63
2005-07-15,13.37
2005-07-16,2.38
2005-07-17,0.62
2005-07-18,0.2
2005-07-19,0.19
2005-07-20,3.86
2005-07-21,5.24
2005-07-22,0.94
2005-07-23,0.97
2005-07-24,1.3
2005-07-25,1.93
2005-07-26,4.78
2005-07-27,6.81
2005-07-28,5.91
2005-07-29,4.53
2005-07-30,4.62
2005-07-31,2.98
2005-08-01,1.76
2005-08-02,2.75
2005-08-03,12.09
2005-08-04,7.88
2005-08-05,10.3
2005-08-06,18.02
2005-08-07,6.53
2005-08-08,8.58
2005-08-09,5.46
2005-08-10,4.09
2005-08-11,1.91
2005-08-12,2.69
2005-08-13,2.65
2005-08-14,3.63
2005-08-15,3.49
2005-08-16,2.3
2005-08-17,3.14
2005-08-18,12.47
2005-08-19,5.42
2005-08-20,13.0
2005-08-21,24.1
2005-08-22,21.64
2005-08-23,16.37
2005-08-24,28.17
2005-08-25,20.55
2005-08-26,12.3
2005-08-27,15.13
2005-08-28,15.95
2005-08-29,24.7
2005-08-30,3.79
2005-08-31,3.9
2005-09-01,5.1
2005-09-02,6.6
2005-09-03,6.95
2005-09-04,0.93
2005-09-05,1.11
2005-09-06,1.01
2005-09-07,4.41
2005-09-08,8.01
2005-09-09,2.93
2005-09-10,11.46
2005-09-11,9.41
2005-09-12,6.59
2005-09-13,5.25
2005-09-14,3.77
2005-09-15,3.79
2005-09-16,10.36
2005-09-17,15.7
2005-09-18,1.59
2005-09-19,5.62
2005-09-20,13.34
2005-09-21,7.18
2005-09-22,3.15
2005-09-23,2.74
2005-09-24,9.19
2005-09-25,5.12
2005-09-26,1.26
2005-09-27,2.04
2005-09-28,1.92
2005-09-29,3.61
2005-09-30,7.66
2005-10-01,24.65
2005-10-02,33.7
2005-10-03,21.36
2005-10-04,28.02
2005-10-05,1.16
2005-10-06,0.05
2005-10-07,0.26
2005-10-08,1.22
2005-10-09,1.5
2005-10-10,1.22
2005-10-11,1.95
2005-10-12,0.85
2005-10-13,0.68
2005-10-14,2.26
2005-10-15,0.07
2005-10-16,0.27
2005-10-17,1.97
2005-10-18,8.14
2005-10-19,11.55
2005-10-20,64.75
2005-10-21,28.5
2005-10-22,15.68
2005-10-23,18.7
2005-10-24,9.49
2005-10-25,0.09
2005-10-26,0.02
2005-10-27,3.3
2005-10-28,2.6
2005-10-29,0.07
2005-10-30,0.75
2005-10-31,0.94
2005-11-01,0.77
2005-11-02,0.05
2005-11-03,0.0
2005-11-04,0.0
2005-11-05,0.0
2005-11-06,0.0
2005-11-07,0.0
2005-11-08,0.26
2005-11-09,1.34
2005-11-10,0.15
2005-11-11,0.01
2005-11-12,0.0
2005-11-13,0.0
2005-11-14,0.0
2005-11-15,0.0
2005-11-16,0.0
2005-11-17,0.0
2005-11-18,0.0
2005-11-19,0.0
2005-11-20,0.0
2005-11-21,0.0
2005-11-22,0.0
2005-11-23,0.0
2005-11-24,0.0
2005-11-25,0.0
2005-11-26,0.0
2005-11-27,0.0
2005-11-28,0.0
2005-11-29,0.0
2005-11-30,0.0
2005-12-01,0.0
2005-12-02,0.0
2005-12-03,0.0
2005-12-04,0.0
2005-12-05,0.0
2005-12-06,0.0
2005-12-07,0.0
2005-12-08,0.0
2005-12-09,0.0
2005-12-10,0.0
2005-12-11,0.0
2005-12-12,0.0
2005-12-13,0.0
2005-12-14,0.0
2005-12-15,0.0
2005-12-16,0.0
2005-12-17,0.0
2005-12-18,0.0
2005-12-19,0.0
2005-12-20,0.0
2005-12-21,0.01
2005-12-22,1.71
2005-12-23,1.3
2005-12-24,0.0
2005-12-25,0.0
2005-12-26,0.0
2005-12-27,0.0
2005-12-28,0.0
2005-12-29,0.0
2005-12-30,0.0
2005-12-31,0.0
2006-01-01,0.0
2006-01-02,0.0
2006-01-03,0.0
2006-01-04,0.0
2006-01-05,0.0
2006-01-06,0.0
2006-01-07,0.0
2006-01-08,0.0
2006-01-09,0.0
2006-01-10,0.0
2006-01-11,0.0
2006-01-12,0.0
2006-01-13,0.0
2006-01-14,0.0
2006-01-15,0.0
2006-01-16,0.0
2006-01-17,0.0
2006-01-18,0.0
2006-01-19,0.0
2006-01-20,0.0
2006-01-21,0.0
2006-01-22,0.0
2006-01-23,0.0
2006-01-24,0.0
2006-01-25,0.0
2006-01-26,0.0
2006-01-27,0.0
2006-01-28,0.0
2006-01-29,0.0
2006-01-30,0.0
2006-01-31,0.0
2006-02-01,0.0
2006-02-02,0.0
2006-02-03,0.0
2006-02-04,0.0
2006-02-05,0.0
2006-02-06,0.0
2006-02-07,0.0
2006-02-08,0.0
2006-02-09,0.0
2006-02-10,0.0
2006-02-11,0.0
2006-02-12,0.0
2006-02-13,0.0
2006-02-14,0.0
2006-02-15,0.0
2006-02-16,0.0
2006-02-17,0.0
2006-02-18,0.0
2006-02-19,0.0
2006-02-20,0.0
2006-02-21,0.0
2006-02-22,0.0
2006-02-23,0.0
2006-02-24,0.0
2006-02-25,0.0
2006-02-26,0.0
2006-02-27,0.0
2006-02-28,0.0
2006-03-01,0.0
2006-03-02,0.0
2006-03-03,0.0
2006-03-04,0.06
2006-03-05,1.3
2006-03-06,0.0
2006-03-07,0.0
2006-03-08,0.0
2006-03-09,0.0
2006-03-10,0.0
2006-03-11,0.02
2006-03-12,0.07
2006-03-13,0.0
2006-03-14,0.0
2006-03-15,0.0
2006-03-16,0.03
2006-03-17,0.0
2006-03-18,0.0
2006-03-19,0.0
2006-03-20,0.0
2006-03-21,0.0
2006-03-22,0.0
2006-03-23,0.0
2006-03-24,0.0
2006-03-25,0.0
2006-03-26,0.0
2006-03-27,0.0
2006-03-28,0.0
2006-03-29,0.0
2006-03-30,0.0
2006-03-31,6.38
2006-04-01,1.35
2006-04-02,0.04
2006-04-03,0.18
2006-04-04,1.54
2006-04-05,6.02
2006-04-06,5.74
2006-04-07,0.03
2006-04-08,0.02
2006-04-09,0.02
2006-04-10,0.0
2006-04-11,0.01
2006-04-12,0.02
2006-04-13,0.26
2006-04-14,0.29
2006-04-15,0.09
2006-04-16,0.45
2006-04-17,4.11
2006-04-18,2.86
2006-04-19,1.85
2006-04-20,0.03
2006-04-21,0.0
2006-04-22,0.27
2006-04-23,7.19
2006-04-24,1.69
2006-04-25,7.99
2006-04-26,0.07
2006-04-27,0.39
2006-04-28,0.95
2006-04-29,0.68
2006-04-30,2.13
2006-05-01,0.18
2006-05-02,0.06
2006-05-03,0.67
2006-05-04,1.06
2006-05-05,0.17
2006-05-06,7.59
2006-05-07,14.18
2006-05-08,3.9
2006-05-09,3.83
2006-05-10,5.97
2006-05-11,7.17
2006-05-12,17.16
2006-05-13,7.7
2006-05-14,8.33
2006-05-15,6.78
2006-05-16,1.38
2006-05-17,0.41
2006-05-18,0.37
2006-05-19,1.48
2006-05-20,4.18
2006-05-21,7.64
2006-05-22,0.44
2006-05-23,1.24
2006-05-24,3.9
2006-05-25,11.05
2006-05-26,47.08
2006-05-27,44.03
2006-05-28,15.65
2006-05-29,12.38
2006-05-30,17.14
2006-05-31,6.93
2006-06-01,4.5
2006-06-02,4.67
2006-06-03,1.51
2006-06-04,4.53
2006-06-05,10.9
2006-06-06,17.45
2006-06-07,23.12
2006-06-08,18.5
2006-06-09,27.89
2006-06-10,24.53
2006-06-11,3.24
2006-06-12,1.65
2006-06-13,2.74
2006-06-14,5.91
2006-06-15,1.58
2006-06-16,5.22
2006-06-17,3.74
2006-06-18,0.21
2006-06-19,1.02
2006-06-20,6.6
2006-06-21,9.22
2006-06-22,2.48
2006-06-23,4.9
2006-06-24,9.8
2006-06-25,6.31
2006-06-26,3.55
2006-06-27,3.05
2006-06-28,1.77
2006-06-29,0.99
2006-06-30,1.14
2006-07-01,2.08
2006-07-02,7.31
2006-07-03,22.0
2006-07-04,17.81
2006-07-05,8.57
2006-07-06,16.73
2006-07-07,18.77
2006-07-08,26.86
2006-07-09,54.75
2006-07-10,43.96
2006-07-11,29.15
2006-07-12,10.96
2006-07-13,2.01
2006-07-14,6.28
2006-07-15,4.75
2006-07-16,7.06
2006-07-17,1.35
2006-07-18,6.69
2006-07-19,18.07
2006-07-20,16.65
2006-07-21,7.31
2006-07-22,5.08
2006-07-23,5.63
2006-07-24,1.34
2006-07-25,3.19
2006-07-26,7.73
2006-07-27,6.73
2006-07-28,13.65
2006-07-29,10.95
2006-07-30,10.81
2006-07-31,1.21
2006-08-01,2.04
2006-08-02,3.4
2006-08-03,3.3
2006-08-04,7.07
2006-08-05,10.71
2006-08-06,11.6
2006-08-07,7.3
2006-08-08,12.46
2006-08-09,16.77
2006-08-10,11.82
2006-08-11,3.99
2006-08-12,4.25
2006-08-13,4.89
2006-08-14,2.41
2006-08-15,5.58
2006-08-16,6.62
2006-08-17,12.91
2006-08-18,6.7
2006-08-19,6.6
2006-08-20,5.49
2006-08-21,7.92
2006-08-22,31.34
2006-08-23,22.07
2006-08-24,10.24
2006-08-25,7.51
2006-08-26,9.71
2006-08-27,18.05
2006-08-28,16.87
2006-08-29,11.61
2006-08-30,6.22
2006-08-31,3.68
2006-09-01,1.84
2006-09-02,11.92
2006-09-03,13.7
2006-09-04,2.71
2006-09-05,1.53
2006-09-06,0.41
2006-09-07,0.01
2006-09-08,0.84
2006-09-09,3.45
2006-09-10,9.85
2006-09-11,13.65
2006-09-12,1.95
2006-09-13,0.89
2006-09-14,4.32
2006-09-15,3.55
2006-09-16,4.92
2006-09-17,3.87
2006-09-18,4.88
2006-09-19,15.62
2006-09-20,50.79
2006-09-21,108.06
2006-09-22,94.11
2006-09-23,39.31
2006-09-24,12.67
2006-09-25,13.7
2006-09-26,0.35
2006-09-27,0.36
2006-09-28,2.0
2006-09-29,5.97
2006-09-30,4.98
2006-10-01,1.26
2006-10-02,0.31
2006-10-03,0.63
2006-10-04,3.55
2006-10-05,10.63
2006-10-06,4.9
2006-10-07,0.38
2006-10-08,0.11
2006-10-09,0.9
2006-10-10,1.51
2006-10-11,0.23
2006-10-12,2.26
2006-10-13,6.11
2006-10-14,2.84
2006-10-15,0.92
2006-10-16,0.23
2006-10-17,0.4
2006-10-18,0.87
2006-10-19,1.04
2006-10-20,2.16
2006-10-21,0.09
2006-10-22,0.1
2006-10-23,0.05
2006-10-24,0.0
2006-10-25,0.0
2006-10-26,0.01
2006-10-27,0.05
2006-10-28,0.11
2006-10-29,0.01
2006-10-30,0.04
2006-10-31,0.28
2006-11-01,0.52
2006-11-02,0.05
2006-11-03,0.0
2006-11-04,0.0
2006-11-05,0.0
2006-11-06,0.21
2006-11-07,0.0
2006-11-08,0.84
2006-11-09,4.28
2006-11-10,1.19
2006-11-11,0.04
2006-11-12,0.0
2006-11-13,0.0
2006-11-14,0.0
2006-11-15,0.0
2006-11-16,0.0
2006-11-17,0.0
2006-11-18,0.0
2006-11-19,0.0
2006-11-20,0.0
2006-11-21,0.0
2006-11-22,0.0
2006-11-23,0.0
2006-11-24,0.0
2006-11-25,0.01
2006-11-26,0.07
2006-11-27,0.0
2006-11-28,0.0
2006-11-29,0.0
2006-11-30,0.0
2006-12-01,0.0
2006-12-02,0.0
2006-12-03,0.0
2006-12-04,0.0
2006-12-05,0.0
2006-12-06,0.0
2006-12-07,0.0
2006-12-08,0.0
2006-12-09,0.0
2006-12-10,0.0
2006-12-11,0.0
2006-12-12,0.0
2006-12-13,0.0
2006-12-14,0.0
2006-12-15,0.0
2006-12-16,0.0
2006-12-17,0.0
2006-12-18,0.0
2006-12-19,0.0
2006-12-20,0.0
2006-12-21,0.0
2006-12-22,0.0
2006-12-23,0.0
2006-12-24,0.0
2006-12-25,0.0
2006-12-26,0.0
2006-12-27,0.0
2006-12-28,0.0
2006-12-29,0.0
2006-12-30,0.0
2006-12-31,0.0
2007-01-01,0.0
2007-01-02,0.0
2007-01-03,0.0
2007-01-04,0.0
2007-01-05,0.0
2007-01-06,0.0
2007-01-07,0.0
2007-01-08,0.0
2007-01-09,0.0
2007-01-10,0.0
2007-01-11,0.0
2007-01-12,0.0
2007-01-13,0.0
2007-01-14,0.0
2007-01-15,0.0
2007-01-16,0.14
2007-01-17,0.2
2007-01-18,0.0
2007-01-19,0.0
2007-01-20,0.0
2007-01-21,0.0
2007-01-22,0.0
2007-01-23,0.0
2007-01-24,0.0
2007-01-25,0.0
2007-01-26,0.0
2007-01-27,0.0
2007-01-28,0.0
2007-01-29,0.0
2007-01-30,0.0
2007-01-31,0.0
2007-02-01,0.53
2007-02-02,1.14
2007-02-03,0.31
2007-02-04,5.06
2007-02-05,13.16
2007-02-06,7.62
2007-02-07,11.42
2007-02-08,4.49
2007-02-09,0.25
2007-02-10,0.0
2007-02-11,0.0
2007-02-12,0.04
2007-02-13,3.85
2007-02-14,21.32
2007-02-15,0.0
2007-02-16,0.0
2007-02-17,0.0
2007-02-18,0.0
2007-02-19,0.0
2007-02-20,0.0
2007-02-21,0.0
2007-02-22,0.0
2007-02-23,0.0
2007-02-24,0.0
2007-02-25,0.0
2007-02-26,3.15
2007-02-27,3.79
2007-02-28,0.0
2007-03-01,0.58
2007-03-02,4.13
2007-03-03,1.96
2007-03-04,0.0
2007-03-05,0.0
2007-03-06,0.0
2007-03-07,0.0
2007-03-08,0.0
2007-03-09,0.0
2007-03-10,0.0
2007-03-11,0.27
2007-03-12,0.0
2007-03-13,0.01
2007-03-14,0.0
2007-03-15,0.0
2007-03-16,0.0
2007-03-17,0.0
2007-03-18,0.0
2007-03-19,0.0
2007-03-20,0.0
2007-03-21,0.0
2007-03-22,0.0
2007-03-23,0.0
2007-03-24,0.0
2007-03-25,0.0
2007-03-26,0.0
2007-03-27,8.69
2007-03-28,3.26
2007-03-29,0.0
2007-03-30,0.0
2007-03-31,0.0
2007-04-01,0.0
2007-04-02,0.0
2007-04-03,0.0
2007-04-04,0.0
2007-04-05,0.0
2007-04-06,0.13
2007-04-07,0.14
2007-04-08,0.44
2007-04-09,1.86
2007-04-10,4.36
2007-04-11,6.27
2007-04-12,14.48
2007-04-13,4.41
2007-04-14,0.02
2007-04-15,0.15
2007-04-16,0.07
2007-04-17,0.0
2007-04-18,0.11
2007-04-19,0.1
2007-04-20,0.52
2007-04-21,1.98
2007-04-22,5.46
2007-04-23,6.09
2007-04-24,1.56
2007-04-25,0.9
2007-04-26,0.47
2007-04-27,1.47
2007-04-28,4.77
2007-04-29,0.65
2007-04-30,0.06
2007-05-01,0.0
2007-05-02,0.44
2007-05-03,3.5
2007-05-04,1.15
2007-05-05,0.34
2007-05-06,0.59
2007-05-07,1.02
2007-05-08,0.71
2007-05-09,6.55
2007-05-10,5.45
2007-05-11,1.03
2007-05-12,1.54
2007-05-13,0.74
2007-05-14,16.28
2007-05-15,3.64
2007-05-16,1.61
2007-05-17,2.15
2007-05-18,8.87
2007-05-19,9.26
2007-05-20,15.75
2007-05-21,9.7
2007-05-22,1.88
2007-05-23,0.19
2007-05-24,2.51
2007-05-25,2.14
2007-05-26,0.13
2007-05-27,1.4
2007-05-28,2.06
2007-05-29,0.07
2007-05-30,0.05
2007-05-31,0.08
2007-06-01,0.22
2007-06-02,0.44
2007-06-03,5.55
2007-06-04,9.01
2007-06-05,3.49
2007-06-06,1.24
2007-06-07,7.34
2007-06-08,27.48
2007-06-09,4.68
2007-06-10,18.72
2007-06-11,28.61
2007-06-12,64.01
2007-06-13,41.58
2007-06-14,6.96
2007-06-15,34.67
2007-06-16,32.52
2007-06-17,28.28
2007-06-18,18.92
2007-06-19,3.56
2007-06-20,5.55
2007-06-21,1.87
2007-06-22,5.33
2007-06-23,9.66
2007-06-24,10.28
2007-06-25,5.2
2007-06-26,2.51
2007-06-27,2.94
2007-06-28,23.62
2007-06-29,15.75
2007-06-30,20.65
2007-07-01,33.08
2007-07-02,16.59
2007-07-03,13.74
2007-07-04,65.52
2007-07-05,60.36
2007-07-06,25.77
2007-07-07,28.16
2007-07-08,14.26
2007-07-09,4.82
2007-07-10,7.43
2007-07-11,0.24
2007-07-12,0.07
2007-07-13,0.12
2007-07-14,1.15
2007-07-15,19.69
2007-07-16,23.44
2007-07-17,19.69
2007-07-18,28.15
2007-07-19,50.21
2007-07-20,59.44
2007-07-21,42.51
2007-07-22,16.35
2007-07-23,10.41
2007-07-24,7.38
2007-07-25,9.16
2007-07-26,24.72
2007-07-27,34.12
2007-07-28,22.78
2007-07-29,9.91
2007-07-30,4.23
2007-07-31,11.69
2007-08-01,10.22
2007-08-02,6.86
2007-08-03,0.44
2007-08-04,1.09
2007-08-05,1.34
2007-08-06,5.87
2007-08-07,7.92
2007-08-08,6.95
2007-08-09,1.19
2007-08-10,9.07
2007-08-11,39.43
2007-08-12,12.6
2007-08-13,25.65
2007-08-14,10.68
2007-08-15,19.6
2007-08-16,6.58
2007-08-17,23.47
2007-08-18,19.19
2007-08-19,3.61
2007-08-20,3.14
2007-08-21,1.02
2007-08-22,0.51
2007-08-23,6.95
2007-08-24,17.89
2007-08-25,5.83
2007-08-26,15.87
2007-08-27,15.0
2007-08-28,0.58
2007-08-29,1.71
2007-08-30,1.24
2007-08-31,1.99
2007-09-01,2.75
2007-09-02,4.47
2007-09-03,9.08
2007-09-04,11.69
2007-09-05,31.25
2007-09-06,29.97
2007-09-07,34.4
2007-09-08,17.86
2007-09-09,6.72
2007-09-10,6.45
2007-09-11,3.39
2007-09-12,1.77
2007-09-13,3.98
2007-09-14,2.77
2007-09-15,3.06
2007-09-16,2.92
2007-09-17,5.18
2007-09-18,12.65
2007-09-19,6.98
2007-09-20,9.49
2007-09-21,2.77
2007-09-22,9.47
2007-09-23,58.41
2007-09-24,27.29
2007-09-25,14.82
2007-09-26,0.21
2007-09-27,0.11
2007-09-28,0.3
2007-09-29,2.88
2007-09-30,3.55
2007-10-01,0.03
2007-10-02,0.37
2007-10-03,0.38
2007-10-04,0.55
2007-10-05,0.67
2007-10-06,14.08
2007-10-07,45.75
2007-10-08,88.29
2007-10-09,20.52
2007-10-10,0.65
2007-10-11,0.74
2007-10-12,1.01
2007-10-13,0.26
2007-10-14,5.15
2007-10-15,52.48
2007-10-16,44.22
2007-10-17,5.2
2007-10-18,8.93
2007-10-19,8.35
2007-10-20,3.35
2007-10-21,0.23
2007-10-22,0.0
2007-10-23,0.0
2007-10-24,0.0
2007-10-25,0.0
2007-10-26,0.0
2007-10-27,0.0
2007-10-28,0.0
2007-10-29,0.0
2007-10-30,0.01
2007-10-31,8.83
2007-11-01,4.79
2007-11-02,2.86
2007-11-03,5.34
2007-11-04,0.09
2007-11-05,0.03
2007-11-06,0.03
2007-11-07,0.01
2007-11-08,0.19
2007-11-09,0.27
2007-11-10,1.69
2007-11-11,0.07
2007-11-12,0.0
2007-11-13,0.0
2007-11-14,0.57
2007-11-15,53.17
2007-11-16,10.74
2007-11-17,0.01
2007-11-18,0.0
2007-11-19,0.0
2007-11-20,0.0
2007-11-21,0.0
2007-11-22,0.0
2007-11-23,0.0
2007-11-24,0.0
2007-11-25,0.0
2007-11-26,0.0
2007-11-27,0.0
2007-11-28,0.0
2007-11-29,0.0
2007-11-30,0.0
2007-12-01,0.0
2007-12-02,0.0
2007-12-03,0.0
2007-12-04,0.0
2007-12-05,0.0
2007-12-06,0.0
2007-12-07,0.0
2007-12-08,0.0
2007-12-09,0.0
2007-12-10,0.0
2007-12-11,0.0
2007-12-12,0.0
2007-12-13,0.0
2007-12-14,0.0
2007-12-15,0.0
2007-12-16,0.0
2007-12-17,0.0
2007-12-18,0.0
2007-12-19,0.0
2007-12-20,0.0
2007-12-21,0.0
2007-12-22,0.0
2007-12-23,0.0
2007-12-24,0.0
2007-12-25,0.0
2007-12-26,0.0
2007-12-27,0.0
2007-12-28,0.0
2007-12-29,0.0
2007-12-30,0.0
2007-12-31,0.0
2008-01-01,0.0
2008-01-02,0.0
2008-01-03,0.0
2008-01-04,0.0
2008-01-05,0.0
2008-01-06,0.0
2008-01-07,0.0
2008-01-08,0.0
2008-01-09,0.0
2008-01-10,0.0
2008-01-11,0.0
2008-01-12,0.0
2008-01-13,0.0
2008-01-14,0.0
2008-01-15,0.0
2008-01-16,0.0
2008-01-17,0.0
2008-01-18,0.0
2008-01-19,0.0
2008-01-20,0.0
2008-01-21,0.02
2008-01-22,0.0
2008-01-23,0.0
2008-01-24,0.22
2008-01-25,6.33
2008-01-26,17.86
2008-01-27,12.11
2008-01-28,0.0
2008-01-29,0.0
2008-01-30,0.27
2008-01-31,1.81
2008-02-01,0.0
2008-02-02,0.0
2008-02-03,0.0
2008-02-04,0.0
2008-02-05,0.0
2008-02-06,0.0
2008-02-07,0.0
2008-02-08,0.0
2008-02-09,2.22
2008-02-10,7.6
2008-02-11,0.0
2008-02-12,0.0
2008-02-13,0.0
2008-02-14,0.0
2008-02-15,0.0
2008-02-16,0.0
2008-02-17,0.0
2008-02-18,0.0
2008-02-19,1.1
2008-02-20,7.81
2008-02-21,0.04
2008-02-22,0.0
2008-02-23,0.0
2008-02-24,0.0
2008-02-25,0.0
2008-02-26,0.0
2008-02-27,0.0
2008-02-28,0.0
2008-02-29,0.0
2008-03-01,0.0
2008-03-02,0.07
2008-03-03,0.16
2008-03-04,4.96
2008-03-05,0.61
2008-03-06,0.47
2008-03-07,0.0
2008-03-08,0.0
2008-03-09,0.0
2008-03-10,0.0
2008-03-11,0.0
2008-03-12,0.0
2008-03-13,0.0
2008-03-14,0.0
2008-03-15,0.0
2008-03-16,0.0
2008-03-17,0.0
2008-03-18,0.0
2008-03-19,0.03
2008-03-20,0.26
2008-03-21,0.17
2008-03-22,0.03
2008-03-23,0.17
2008-03-24,0.22
2008-03-25,0.01
2008-03-26,0.0
2008-03-27,0.05
2008-03-28,0.13
2008-03-29,0.69
2008-03-30,0.89
2008-03-31,0.27
2008-04-01,0.51
2008-04-02,1.54
2008-04-03,6.14
2008-04-04,5.87
2008-04-05,2.94
2008-04-06,1.76
2008-04-07,0.0
2008-04-08,0.0
2008-04-09,0.0
2008-04-10,0.0
2008-04-11,0.0
2008-04-12,0.0
2008-04-13,1.37
2008-04-14,4.53
2008-04-15,0.33
2008-04-16,0.05
2008-04-17,0.04
2008-04-18,0.05
2008-04-19,0.0
2008-04-20,0.0
2008-04-21,0.0
2008-04-22,0.0
2008-04-23,0.0
2008-04-24,0.0
2008-04-25,0.0
2008-04-26,0.0
2008-04-27,0.0
2008-04-28,0.11
2008-04-29,0.26
2008-04-30,0.0
2008-05-01,0.29
2008-05-02,1.19
2008-05-03,1.91
2008-05-04,3.0
2008-05-05,4.91
2008-05-06,3.23
2008-05-07,0.58
2008-05-08,2.69
2008-05-09,2.55
2008-05-10,2.73
2008-05-11,8.77
2008-05-12,0.21
2008-05-13,0.06
2008-05-14,0.38
2008-05-15,1.01
2008-05-16,4.26
2008-05-17,4.73
2008-05-18,4.91
2008-05-19,8.56
2008-05-20,1.72
2008-05-21,0.09
2008-05-22,0.62
2008-05-23,0.71
2008-05-24,3.48
2008-05-25,13.17
2008-05-26,6.92
2008-05-27,6.18
2008-05-28,3.38
2008-05-29,1.59
2008-05-30,5.49
2008-05-31,2.67
2008-06-01,1.86
2008-06-02,10.73
2008-06-03,13.79
2008-06-04,4.53
2008-06-05,11.69
2008-06-06,9.93
2008-06-07,9.68
2008-06-08,2.36
2008-06-09,16.31
2008-06-10,19.83
2008-06-11,1.23
2008-06-12,1.4
2008-06-13,0.1
2008-06-14,1.22
2008-06-15,7.92
2008-06-16,17.53
2008-06-17,38.28
2008-06-18,16.24
2008-06-19,16.7
2008-06-20,6.6
2008-06-21,3.89
2008-06-22,8.98
2008-06-23,9.26
2008-06-24,0.58
2008-06-25,0.95
2008-06-26,4.14
2008-06-27,6.96
2008-06-28,12.6
2008-06-29,23.55
2008-06-30,20.24
2008-07-01,24.5
2008-07-02,24.85
2008-07-03,16.7
2008-07-04,10.6
2008-07-05,16.5
2008-07-06,12.64
2008-07-07,48.91
2008-07-08,30.91
2008-07-09,11.56
2008-07-10,6.21
2008-07-11,7.8
2008-07-12,20.0
2008-07-13,24.43
2008-07-14,48.16
2008-07-15,16.61
2008-07-16,6.37
2008-07-17,5.49
2008-07-18,10.5
2008-07-19,1.2
2008-07-20,2.78
2008-07-21,2.72
2008-07-22,0.49
2008-07-23,0.74
2008-07-24,6.93
2008-07-25,10.41
2008-07-26,4.2
2008-07-27,2.13
2008-07-28,1.24
2008-07-29,3.23
2008-07-30,4.47
2008-07-31,6.04
2008-08-01,1.85
2008-08-02,0.25
2008-08-03,0.3
2008-08-04,5.74
2008-08-05,8.05
2008-08-06,6.96
2008-08-07,5.31
2008-08-08,6.16
2008-08-09,5.63
2008-08-10,10.13
2008-08-11,28.2
2008-08-12,27.35
2008-08-13,11.82
2008-08-14,20.46
2008-08-15,11.86
2008-08-16,9.13
2008-08-17,15.08
2008-08-18,20.02
2008-08-19,38.62
2008-08-20,5.5
2008-08-21,2.1
2008-08-22,0.3
2008-08-23,2.38
2008-08-24,6.95
2008-08-25,7.04
2008-08-26,1.99
2008-08-27,3.41
2008-08-28,33.89
2008-08-29,24.87
2008-08-30,9.85
2008-08-31,0.99
2008-09-01,2.68
2008-09-02,3.67
2008-09-03,5.42
2008-09-04,7.38
2008-09-05,2.08
2008-09-06,4.36
2008-09-07,4.73
2008-09-08,3.31
2008-09-09,3.17
2008-09-10,1.55
2008-09-11,5.35
2008-09-12,5.16
2008-09-13,4.13
2008-09-14,4.45
2008-09-15,4.91
2008-09-16,16.06
2008-09-17,9.0
2008-09-18,5.28
2008-09-19,3.07
2008-09-20,3.17
2008-09-21,4.35
2008-09-22,10.88
2008-09-23,8.66
2008-09-24,9.05
2008-09-25,8.16
2008-09-26,14.86
2008-09-27,22.14
2008-09-28,4.58
2008-09-29,0.19
2008-09-30,0.02
2008-10-01,4.41
2008-10-02,27.18
2008-10-03,6.56
2008-10-04,0.14
2008-10-05,8.02
2008-10-06,22.29
2008-10-07,5.97
2008-10-08,2.57
2008-10-09,1.95
2008-10-10,0.9
2008-10-11,0.0
2008-10-12,0.02
2008-10-13,0.01
2008-10-14,0.0
2008-10-15,0.0
2008-10-16,0.0
2008-10-17,0.0
2008-10-18,0.0
2008-10-19,0.0
2008-10-20,0.0
2008-10-21,0.13
2008-10-22,0.73
2008-10-23,0.21
2008-10-24,8.76
2008-10-25,28.82
2008-10-26,85.56
2008-10-27,27.6
2008-10-28,0.08
2008-10-29,0.0
2008-10-30,0.0
2008-10-31,0.0
2008-11-01,0.0
2008-11-02,0.0
2008-11-03,0.0
2008-11-04,0.18
2008-11-05,2.27
2008-11-06,0.29
2008-11-07,0.66
2008-11-08,0.0
2008-11-09,0.0
2008-11-10,0.0
2008-11-11,0.0
2008-11-12,0.0
2008-11-13,0.0
2008-11-14,0.0
2008-11-15,0.0
2008-11-16,0.0
2008-11-17,0.0
2008-11-18,0.0
2008-11-19,0.0
2008-11-20,0.0
2008-11-21,0.0
2008-11-22,0.0
2008-11-23,0.0
2008-11-24,0.0
2008-11-25,0.0
2008-11-26,0.0
2008-11-27,0.0
2008-11-28,0.0
2008-11-29,0.0
2008-11-30,0.0
2008-12-01,0.0
2008-12-02,0.0
2008-12-03,0.0
2008-12-04,0.0
2008-12-05,0.0
2008-12-06,0.0
2008-12-07,0.0
2008-12-08,0.0
2008-12-09,0.0
2008-12-10,0.0
2008-12-11,0.0
2008-12-12,0.0
2008-12-13,0.0
2008-12-14,0.0
2008-12-15,0.0
2008-12-16,0.0
2008-12-17,0.0
2008-12-18,0.0
2008-12-19,0.0
2008-12-20,0.0
2008-12-21,0.0
2008-12-22,0.0
2008-12-23,0.0
2008-12-24,0.0
2008-12-25,0.0
2008-12-26,0.0
2008-12-27,0.0
2008-12-28,0.0
2008-12-29,0.0
2008-12-30,0.0
2008-12-31,41.02
2009-01-01,0.0
2009-01-02,0.0
2009-01-03,0.0
2009-01-04,0.0
2009-01-05,0.0
2009-01-06,0.0
2009-01-07,0.0
2009-01-08,0.0
2009-01-09,0.0
2009-01-10,0.0
2009-01-11,0.0
2009-01-12,0.0
2009-01-13,0.0
2009-01-14,0.0
2009-01-15,0.0
2009-01-16,0.0
2009-01-17,0.0
2009-01-18,0.0
2009-01-19,0.0
2009-01-20,0.0
2009-01-21,0.0
2009-01-22,0.0
2009-01-23,0.0
2009-01-24,0.0
2009-01-25,0.0
2009-01-26,0.0
2009-01-27,0.0
2009-01-28,0.0
2009-01-29,0.0
2009-01-30,0.0
2009-01-31,0.0
2009-02-01,6.53
2009-02-02,0.0
2009-02-03,0.0
2009-02-04,0.0
2009-02-05,0.0
2009-02-06,0.0
2009-02-07,0.0
2009-02-08,0.0
2009-02-09,42.64
2009-02-10,0.0
2009-02-11,0.0
2009-02-12,0.2
2009-02-13,0.0
2009-02-14,0.0
2009-02-15,0.0
2009-02-16,0.0
2009-02-17,0.0
2009-02-18,0.0
2009-02-19,0.0
2009-02-20,0.0
2009-02-21,0.0
2009-02-22,0.0
2009-02-23,0.0
2009-02-24,0.0
2009-02-25,0.0
2009-02-26,0.0
2009-02-27,0.0
2009-02-28,0.0
2009-03-01,0.0
2009-03-02,0.0
2009-03-03,0.0
2009-03-04,0.07
2009-03-05,0.0
2009-03-06,0.0
2009-03-07,0.0
2009-03-08,0.0
2009-03-09,0.0
2009-03-10,0.01
2009-03-11,1.76
2009-03-12,1.07
2009-03-13,0.0
2009-03-14,0.0
2009-03-15,0.0
2009-03-16,0.0
2009-03-17,0.0
2009-03-18,0.0
2009-03-19,0.0
2009-03-20,0.0
2009-03-21,0.0
2009-03-22,0.3
2009-03-23,0.07
2009-03-24,0.0
2009-03-25,0.0
2009-03-26,0.0
2009-03-27,4.32
2009-03-28,2.67
2009-03-29,2.99
2009-03-30,4.95
2009-03-31,8.68
2009-04-01,20.13
2009-04-02,0.03
2009-04-03,0.03
2009-04-04,0.02
2009-04-05,0.0
2009-04-06,0.78
2009-04-07,0.9
2009-04-08,0.02
2009-04-09,2.1
2009-04-10,0.02
2009-04-11,0.0
2009-04-12,0.01
2009-04-13,0.0
2009-04-14,0.0
2009-04-15,0.13
2009-04-16,7.98
2009-04-17,16.71
2009-04-18,7.71
2009-04-19,0.42
2009-04-20,0.77
2009-04-21,0.09
2009-04-22,0.0
2009-04-23,0.0
2009-04-24,0.0
2009-04-25,0.0
2009-04-26,0.0
2009-04-27,0.0
2009-04-28,0.0
2009-04-29,0.0
2009-04-30,0.02
2009-05-01,0.47
2009-05-02,5.4
2009-05-03,16.17
2009-05-04,3.84
2009-05-05,0.28
2009-05-06,0.48
2009-05-07,0.24
2009-05-08,0.14
2009-05-09,0.12
2009-05-10,0.56
2009-05-11,7.08
2009-05-12,6.86
2009-05-13,3.11
2009-05-14,7.03
2009-05-15,4.22
2009-05-16,5.06
2009-05-17,2.07
2009-05-18,14.03
2009-05-19,10.7
2009-05-20,0.27
2009-05-21,0.36
2009-05-22,0.89
2009-05-23,3.32
2009-05-24,21.96
2009-05-25,48.73
2009-05-26,20.23
2009-05-27,7.54
2009-05-28,1.19
2009-05-29,2.78
2009-05-30,2.4
2009-05-31,8.9
2009-06-01,14.95
2009-06-02,3.75
2009-06-03,4.92
2009-06-04,4.32
2009-06-05,3.38
2009-06-06,26.11
2009-06-07,13.19
2009-06-08,6.96
2009-06-09,4.58
2009-06-10,6.09
2009-06-11,16.4
2009-06-12,1.31
2009-06-13,2.08
2009-06-14,1.43
2009-06-15,0.39
2009-06-16,0.09
2009-06-17,2.35
2009-06-18,3.28
2009-06-19,0.17
2009-06-20,0.29
2009-06-21,0.04
2009-06-22,0.03
2009-06-23,0.12
2009-06-24,0.46
2009-06-25,1.78
2009-06-26,1.53
2009-06-27,8.96
2009-06-28,20.28
2009-06-29,19.57
2009-06-30,32.72
2009-07-01,68.55
2009-07-02,52.88
2009-07-03,39.82
2009-07-04,11.57
2009-07-05,6.42
2009-07-06,27.26
2009-07-07,26.18
2009-07-08,10.21
2009-07-09,10.42
2009-07-10,12.49
2009-07-11,9.86
2009-07-12,3.16
2009-07-13,0.71
2009-07-14,3.17
2009-07-15,29.44
2009-07-16,28.69
2009-07-17,6.27
2009-07-18,0.66
2009-07-19,1.56
2009-07-20,1.98
2009-07-21,11.45
2009-07-22,28.39
2009-07-23,6.47
2009-07-24,2.35
2009-07-25,3.34
2009-07-26,7.98
2009-07-27,37.67
2009-07-28,58.36
2009-07-29,41.37
2009-07-30,47.18
2009-07-31,36.45
2009-08-01,8.64
2009-08-02,2.98
2009-08-03,4.64
2009-08-04,26.81
2009-08-05,26.71
2009-08-06,30.9
2009-08-07,27.73
2009-08-08,22.48
2009-08-09,17.18
2009-08-10,6.38
2009-08-11,0.63
2009-08-12,2.86
2009-08-13,12.03
2009-08-14,16.28
2009-08-15,44.24
2009-08-16,22.13
2009-08-17,5.55
2009-08-18,24.11
2009-08-19,24.16
2009-08-20,37.23
2009-08-21,10.19
2009-08-22,15.37
2009-08-23,5.5
2009-08-24,20.06
2009-08-25,16.6
2009-08-26,33.99
2009-08-27,25.91
2009-08-28,4.15
2009-08-29,2.13
2009-08-30,14.39
2009-08-31,59.21
2009-09-01,1.27
2009-09-02,6.15
2009-09-03,12.63
2009-09-04,9.8
2009-09-05,40.45
2009-09-06,31.32
2009-09-07,14.53
2009-09-08,30.71
2009-09-09,13.97
2009-09-10,10.69
2009-09-11,3.41
2009-09-12,0.96
2009-09-13,3.51
2009-09-14,8.02
2009-09-15,9.79
2009-09-16,4.7
2009-09-17,7.28
2009-09-18,2.48
2009-09-19,4.32
2009-09-20,10.19
2009-09-21,16.09
2009-09-22,4.88
2009-09-23,12.26
2009-09-24,6.21
2009-09-25,0.88
2009-09-26,0.07
2009-09-27,0.43
2009-09-28,0.91
2009-09-29,1.58
2009-09-30,1.28
2009-10-01,1.27
2009-10-02,12.99
2009-10-03,19.48
2009-10-04,21.62
2009-10-05,19.34
2009-10-06,17.31
2009-10-07,7.03
2009-10-08,22.36
2009-10-09,13.71
2009-10-10,1.84
2009-10-11,0.12
2009-10-12,0.0
2009-10-13,0.0
2009-10-14,0.13
2009-10-15,6.62
2009-10-16,11.99
2009-10-17,3.62
2009-10-18,0.37
2009-10-19,0.14
2009-10-20,0.0
2009-10-21,0.0
2009-10-22,0.0
2009-10-23,0.0
2009-10-24,0.0
2009-10-25,0.0
2009-10-26,0.0
2009-10-27,0.0
2009-10-28,0.0
2009-10-29,0.0
2009-10-30,0.0
2009-10-31,0.0
2009-11-01,0.0
2009-11-02,0.0
2009-11-03,0.0
2009-11-04,0.0
2009-11-05,0.0
2009-11-06,0.0
2009-11-07,0.0
2009-11-08,0.0
2009-11-09,0.0
2009-11-10,0.0
2009-11-11,0.0
2009-11-12,0.0
2009-11-13,0.0
2009-11-14,0.06
2009-11-15,0.59
2009-11-16,8.1
2009-11-17,7.63
2009-11-18,2.02
2009-11-19,6.79
2009-11-20,0.31
2009-11-21,0.0
2009-11-22,0.0
2009-11-23,0.0
2009-11-24,0.0
2009-11-25,0.0
2009-11-26,0.0
2009-11-27,0.0
2009-11-28,0.0
2009-11-29,0.0
2009-11-30,0.0
2009-12-01,0.0
2009-12-02,0.0
2009-12-03,0.0
2009-12-04,0.0
2009-12-05,0.0
2009-12-06,0.0
2009-12-07,0.0
2009-12-08,0.0
2009-12-09,0.0
2009-12-10,0.0
2009-12-11,0.0
2009-12-12,0.0
2009-12-13,0.0
2009-12-14,0.0
2009-12-15,0.0
2009-12-16,0.0
2009-12-17,0.0
2009-12-18,0.0
2009-12-19,0.07
2009-12-20,0.0
2009-12-21,0.0
2009-12-22,0.0
2009-12-23,0.0
2009-12-24,0.0
2009-12-25,0.0
2009-12-26,0.0
2009-12-27,0.0
2009-12-28,0.0
2009-12-29,0.0
2009-12-30,0.0
2009-12-31,0.0
2010-01-01,0.0
2010-01-02,0.0
2010-01-03,0.0
2010-01-04,0.0
2010-01-05,0.0
2010-01-06,0.0
2010-01-07,0.0
2010-01-08,0.0
2010-01-09,0.0
2010-01-10,0.0
2010-01-11,0.0
2010-01-12,0.0
2010-01-13,0.0
2010-01-14,0.0
2010-01-15,0.0
2010-01-16,0.0
2010-01-17,0.0
2010-01-18,0.0
2010-01-19,0.0
2010-01-20,0.0
2010-01-21,0.0
2010-01-22,0.0
2010-01-23,0.0
2010-01-24,0.0
2010-01-25,0.0
2010-01-26,0.0
2010-01-27,0.0
2010-01-28,0.0
2010-01-29,0.0
2010-01-30,0.0
2010-01-31,0.0
2010-02-01,0.0
2010-02-02,0.0
2010-02-03,0.0
2010-02-04,0.0
2010-02-05,0.0
2010-02-06,0.0
2010-02-07,0.0
2010-02-08,0.0
2010-02-09,0.0
2010-02-10,0.0
2010-02-11,0.0
2010-02-12,0.0
2010-02-13,0.0
2010-02-14,0.0
2010-02-15,0.04
2010-02-16,1.36
2010-02-17,3.22
2010-02-18,0.02
2010-02-19,0.0
2010-02-20,0.0
2010-02-21,0.07
2010-02-22,0.0
2010-02-23,8.75
2010-02-24,0.07
2010-02-25,2.68
2010-02-26,0.35
2010-02-27,0.0
2010-02-28,0.0
2010-03-01,0.0
2010-03-02,0.0
2010-03-03,0.0
2010-03-04,0.0
2010-03-05,0.0
2010-03-06,0.0
2010-03-07,0.0
2010-03-08,0.0
2010-03-09,0.0
2010-03-10,0.0
2010-03-11,0.0
2010-03-12,0.0
2010-03-13,0.0
2010-03-14,0.05
2010-03-15,1.07
2010-03-16,1.5
2010-03-17,0.0
2010-03-18,0.0
2010-03-19,0.0
2010-03-20,0.0
2010-03-21,0.0
2010-03-22,0.0
2010-03-23,0.0
2010-03-24,0.0
2010-03-25,0.0
2010-03-26,0.0
2010-03-27,0.42
2010-03-28,2.03
2010-03-29,2.22
2010-03-30,1.46
2010-03-31,1.97
2010-04-01,0.91
2010-04-02,0.27
2010-04-03,0.1
2010-04-04,0.02
2010-04-05,0.02
2010-04-06,0.01
2010-04-07,0.0
2010-04-08,0.0
2010-04-09,0.0
2010-04-10,0.0
2010-04-11,0.0
2010-04-12,0.01
2010-04-13,0.01
2010-04-14,0.01
2010-04-15,0.07
2010-04-16,0.12
2010-04-17,0.11
2010-04-18,0.34
2010-04-19,0.03
2010-04-20,0.05
2010-04-21,0.16
2010-04-22,0.12
2010-04-23,0.11
2010-04-24,0.55
2010-04-25,1.99
2010-04-26,3.41
2010-04-27,2.84
2010-04-28,2.84
2010-04-29,3.4
2010-04-30,2.18
2010-05-01,3.13
2010-05-02,1.27
2010-05-03,12.44
2010-05-04,9.24
2010-05-05,7.88
2010-05-06,7.94
2010-05-07,5.87
2010-05-08,7.47
2010-05-09,1.07
2010-05-10,1.98
2010-05-11,0.08
2010-05-12,0.05
2010-05-13,0.06
2010-05-14,5.85
2010-05-15,4.44
2010-05-16,0.5
2010-05-17,0.44
2010-05-18,0.87
2010-05-19,2.0
2010-05-20,18.66
2010-05-21,27.29
2010-05-22,29.0
2010-05-23,16.09
2010-05-24,17.77
2010-05-25,1.48
2010-05-26,12.12
2010-05-27,22.48
2010-05-28,30.94
2010-05-29,5.49
2010-05-30,8.34
2010-05-31,14.4
2010-06-01,4.14
2010-06-02,2.0
2010-06-03,8.35
2010-06-04,22.12
2010-06-05,21.68
2010-06-06,11.63
2010-06-07,2.62
2010-06-08,3.83
2010-06-09,2.48
2010-06-10,2.32
2010-06-11,4.8
2010-06-12,27.32
2010-06-13,29.6
2010-06-14,36.31
2010-06-15,12.33
2010-06-16,9.46
2010-06-17,59.32
2010-06-18,50.54
2010-06-19,9.51
2010-06-20,6.54
2010-06-21,4.25
2010-06-22,4.87
2010-06-23,5.28
2010-06-24,10.39
2010-06-25,21.7
2010-06-26,38.71
2010-06-27,22.53
2010-06-28,21.4
2010-06-29,33.89
2010-06-30,17.75
2010-07-01,2.29
2010-07-02,3.34
2010-07-03,1.43
2010-07-04,1.88
2010-07-05,2.28
2010-07-06,5.99
2010-07-07,6.55
2010-07-08,2.01
2010-07-09,3.13
2010-07-10,12.0
2010-07-11,22.6
2010-07-12,12.94
2010-07-13,6.03
2010-07-14,6.01
2010-07-15,1.8
2010-07-16,0.58
2010-07-17,1.3
2010-07-18,4.82
2010-07-19,7.58
2010-07-20,8.15
2010-07-21,2.14
2010-07-22,9.47
2010-07-23,42.31
2010-07-24,17.53
2010-07-25,9.21
2010-07-26,13.0
2010-07-27,5.08
2010-07-28,1.23
2010-07-29,5.55
2010-07-30,34.77
2010-07-31,31.6
2010-08-01,10.01
2010-08-02,3.07
2010-08-03,0.57
2010-08-04,2.89
2010-08-05,17.44
2010-08-06,11.09
2010-08-07,3.6
2010-08-08,2.74
2010-08-09,0.48
2010-08-10,4.85
2010-08-11,5.78
2010-08-12,8.28
2010-08-13,9.85
2010-08-14,14.48
2010-08-15,4.86
2010-08-16,6.62
2010-08-17,3.15
2010-08-18,3.65
2010-08-19,24.87
2010-08-20,37.87
2010-08-21,14.08
2010-08-22,3.14
2010-08-23,3.91
2010-08-24,24.01
2010-08-25,6.43
2010-08-26,10.86
2010-08-27,6.74
2010-08-28,14.51
2010-08-29,4.59
2010-08-30,9.0
2010-08-31,9.12
2010-09-01,3.31
2010-09-02,1.29
2010-09-03,3.11
2010-09-04,3.59
2010-09-05,4.29
2010-09-06,5.8
2010-09-07,4.61
2010-09-08,10.87
2010-09-09,15.75
2010-09-10,9.47
2010-09-11,12.28
2010-09-12,9.92
2010-09-13,15.62
2010-09-14,17.76
2010-09-15,18.84
2010-09-16,2.22
2010-09-17,11.83
2010-09-18,25.65
2010-09-19,12.99
2010-09-20,2.48
2010-09-21,2.95
2010-09-22,3.46
2010-09-23,0.79
2010-09-24,3.76
2010-09-25,6.35
2010-09-26,4.19
2010-09-27,1.1
2010-09-28,4.78
2010-09-29,6.25
2010-09-30,0.25
2010-10-01,0.4
2010-10-02,0.01
2010-10-03,0.21
2010-10-04,0.4
2010-10-05,6.19
2010-10-06,51.8
2010-10-07,98.31
2010-10-08,62.27
2010-10-09,4.33
2010-10-10,2.36
2010-10-11,0.05
2010-10-12,0.43
2010-10-13,2.45
2010-10-14,8.03
2010-10-15,2.42
2010-10-16,3.24
2010-10-17,0.61
2010-10-18,0.48
2010-10-19,0.84
2010-10-20,0.27
2010-10-21,0.32
2010-10-22,0.45
2010-10-23,1.46
2010-10-24,5.09
2010-10-25,2.53
2010-10-26,0.28
2010-10-27,0.37
2010-10-28,0.09
2010-10-29,0.0
2010-10-30,0.0
2010-10-31,1.54
2010-11-01,19.7
2010-11-02,6.29
2010-11-03,0.01
2010-11-04,0.0
2010-11-05,0.0
2010-11-06,0.0
2010-11-07,0.0
2010-11-08,0.03
2010-11-09,0.0
2010-11-10,0.0
2010-11-11,0.0
2010-11-12,0.0
2010-11-13,0.0
2010-11-14,0.0
2010-11-15,0.0
2010-11-16,0.0
2010-11-17,0.0
2010-11-18,0.17
2010-11-19,0.9
2010-11-20,5.24
2010-11-21,0.4
2010-11-22,0.0
2010-11-23,0.0
2010-11-24,0.0
2010-11-25,0.0
2010-11-26,0.0
2010-11-27,0.0
2010-11-28,0.0
2010-11-29,0.0
2010-11-30,0.0
2010-12-01,0.0
2010-12-02,0.0
2010-12-03,0.0
2010-12-04,4.2
2010-12-05,0.05
2010-12-06,0.57
2010-12-07,0.39
2010-12-08,13.28
2010-12-09,12.87
2010-12-10,20.04
2010-12-11,2.16
2010-12-12,0.0
2010-12-13,0.01
2010-12-14,0.0
2010-12-15,0.0
2010-12-16,0.0
2010-12-17,0.0
2010-12-18,0.0
2010-12-19,0.0
2010-12-20,0.0
2010-12-21,0.0
2010-12-22,0.0
2010-12-23,0.0
2010-12-24,0.0
2010-12-25,0.0
2010-12-26,0.0
2010-12-27,0.0
2010-12-28,0.0
2010-12-29,0.0
2010-12-30,0.0
2010-12-31,0.0
2011-01-01,0.0
2011-01-02,0.0
2011-01-03,0.0
2011-01-04,0.0
2011-01-05,0.0
2011-01-06,0.0
2011-01-07,0.0
2011-01-08,0.0
2011-01-09,0.0
2011-01-10,0.0
2011-01-11,0.0
2011-01-12,0.0
2011-01-13,0.0
2011-01-14,0.0
2011-01-15,0.0
2011-01-16,0.0
2011-01-17,0.56
2011-01-18,0.0
2011-01-19,0.0
2011-01-20,0.0
2011-01-21,0.0
2011-01-22,0.0
2011-01-23,0.0
2011-01-24,0.0
2011-01-25,0.0
2011-01-26,0.0
2011-01-27,0.0
2011-01-28,0.0
2011-01-29,0.0
2011-01-30,0.02
2011-01-31,0.0
2011-02-01,0.0
2011-02-02,0.0
2011-02-03,0.0
2011-02-04,0.0
2011-02-05,0.0
2011-02-06,0.0
2011-02-07,0.0
2011-02-08,0.0
2011-02-09,0.0
2011-02-10,0.0
2011-02-11,0.0
2011-02-12,0.0
2011-02-13,0.0
2011-02-14,0.0
2011-02-15,0.0
2011-02-16,0.0
2011-02-17,0.2
2011-02-18,0.3
2011-02-19,0.83
2011-02-20,0.01
2011-02-21,0.01
2011-02-22,0.0
2011-02-23,0.0
2011-02-24,0.0
2011-02-25,0.0
2011-02-26,0.0
2011-02-27,0.0
2011-02-28,0.0
2011-03-01,0.0
2011-03-02,0.0
2011-03-03,0.0
2011-03-04,0.0
2011-03-05,0.0
2011-03-06,0.0
2011-03-07,0.0
2011-03-08,0.0
2011-03-09,0.0
2011-03-10,0.0
2011-03-11,0.28
2011-03-12,1.46
2011-03-13,0.0
2011-03-14,0.0
2011-03-15,0.28
2011-03-16,1.27
2011-03-17,0.0
2011-03-18,0.0
2011-03-19,0.0
2011-03-20,0.0
2011-03-21,0.0
2011-03-22,0.01
2011-03-23,0.02
2011-03-24,0.64
2011-03-25,0.21
2011-03-26,2.05
2011-03-27,1.29
2011-03-28,0.97
2011-03-29,4.14
2011-03-30,11.38
2011-03-31,12.07
2011-04-01,9.51
2011-04-02,0.43
2011-04-03,0.46
2011-04-04,0.19
2011-04-05,2.78
2011-04-06,0.0
2011-04-07,0.0
2011-04-08,0.0
2011-04-09,0.0
2011-04-10,0.0
2011-04-11,0.0
2011-04-12,0.0
2011-04-13,0.0
2011-04-14,0.07
2011-04-15,0.07
2011-04-16,0.05
2011-04-17,0.09
2011-04-18,0.51
2011-04-19,2.39
2011-04-20,2.09
2011-04-21,8.1
2011-04-22,3.48
2011-04-23,0.38
2011-04-24,2.49
2011-04-25,25.36
2011-04-26,4.97
2011-04-27,4.65
2011-04-28,2.64
2011-04-29,4.24
2011-04-30,0.84
2011-05-01,1.03
2011-05-02,1.15
2011-05-03,5.98
2011-05-04,9.31
2011-05-05,17.01
2011-05-06,7.19
2011-05-07,2.33
2011-05-08,0.96
2011-05-09,0.08
2011-05-10,0.73
2011-05-11,9.63
2011-05-12,14.49
2011-05-13,1.23
2011-05-14,4.37
2011-05-15,2.75
2011-05-16,0.36
2011-05-17,0.6
2011-05-18,8.16
2011-05-19,16.81
2011-05-20,2.11
2011-05-21,10.59
2011-05-22,14.46
2011-05-23,7.91
2011-05-24,7.14
2011-05-25,15.11
2011-05-26,6.35
2011-05-27,0.63
2011-05-28,0.94
2011-05-29,1.94
2011-05-30,5.49
2011-05-31,16.64
2011-06-01,8.72
2011-06-02,0.77
2011-06-03,1.24
2011-06-04,0.45
2011-06-05,0.57
2011-06-06,3.62
2011-06-07,19.03
2011-06-08,8.01
2011-06-09,0.9
2011-06-10,0.78
2011-06-11,3.26
2011-06-12,7.75
2011-06-13,3.87
2011-06-14,10.89
2011-06-15,12.31
2011-06-16,35.33
2011-06-17,81.86
2011-06-18,31.96
2011-06-19,5.96
2011-06-20,4.89
2011-06-21,5.66
2011-06-22,1.63
2011-06-23,4.46
2011-06-24,5.1
2011-06-25,14.48
2011-06-26,20.24
2011-06-27,14.26
2011-06-28,34.39
2011-06-29,31.17
2011-06-30,21.14
2011-07-01,23.28
2011-07-02,32.4
2011-07-03,14.19
2011-07-04,3.18
2011-07-05,8.49
2011-07-06,6.35
2011-07-07,8.99
2011-07-08,5.9
2011-07-09,2.4
2011-07-10,6.73
2011-07-11,7.84
2011-07-12,1.0
2011-07-13,3.18
2011-07-14,8.06
2011-07-15,9.77
2011-07-16,8.14
2011-07-17,6.57
2011-07-18,22.2
2011-07-19,54.66
2011-07-20,68.32
2011-07-21,87.91
2011-07-22,21.42
2011-07-23,3.93
2011-07-24,1.52
2011-07-25,2.84
2011-07-26,2.48
2011-07-27,0.3
2011-07-28,0.48
2011-07-29,1.03
2011-07-30,0.83
2011-07-31,1.89
2011-08-01,6.39
2011-08-02,33.96
2011-08-03,29.18
2011-08-04,37.25
2011-08-05,56.51
2011-08-06,48.46
2011-08-07,90.52
2011-08-08,64.25
2011-08-09,110.13
2011-08-10,31.6
2011-08-11,16.39
2011-08-12,20.25
2011-08-13,24.99
2011-08-14,16.43
2011-08-15,5.37
2011-08-16,18.5
2011-08-17,18.75
2011-08-18,9.37
2011-08-19,1.94
2011-08-20,1.43
2011-08-21,5.33
2011-08-22,9.39
2011-08-23,7.78
2011-08-24,2.54
2011-08-25,3.94
2011-08-26,21.27
2011-08-27,2.66
2011-08-28,2.02
2011-08-29,1.75
2011-08-30,3.98
2011-08-31,10.65
2011-09-01,6.59
2011-09-02,14.29
2011-09-03,14.41
2011-09-04,7.17
2011-09-05,4.38
2011-09-06,12.7
2011-09-07,36.83
2011-09-08,39.24
2011-09-09,18.5
2011-09-10,5.38
2011-09-11,1.59
2011-09-12,1.61
2011-09-13,4.26
2011-09-14,15.93
2011-09-15,21.68
2011-09-16,34.18
2011-09-17,31.99
2011-09-18,14.74
2011-09-19,6.93
2011-09-20,5.46
2011-09-21,7.08
2011-09-22,14.18
2011-09-23,14.78
2011-09-24,13.45
2011-09-25,3.0
2011-09-26,3.72
2011-09-27,3.01
2011-09-28,0.18
2011-09-29,0.73
2011-09-30,2.32
2011-10-01,1.41
2011-10-02,5.46
2011-10-03,2.49
2011-10-04,2.08
2011-10-05,1.45
2011-10-06,2.43
2011-10-07,1.13
2011-10-08,2.66
2011-10-09,2.78
2011-10-10,0.06
2011-10-11,0.04
2011-10-12,0.01
2011-10-13,0.01
2011-10-14,0.0
2011-10-15,0.02
2011-10-16,0.0
2011-10-17,4.56
2011-10-18,9.45
2011-10-19,7.62
2011-10-20,0.25
2011-10-21,4.55
2011-10-22,5.22
2011-10-23,4.69
2011-10-24,0.0
2011-10-25,0.0
2011-10-26,0.0
2011-10-27,0.0
2011-10-28,0.0
2011-10-29,0.0
2011-10-30,0.0
2011-10-31,0.0
2011-11-01,0.0
2011-11-02,0.0
2011-11-03,0.0
2011-11-04,0.0
2011-11-05,0.58
2011-11-06,0.57
2011-11-07,0.03
2011-11-08,0.0
2011-11-09,0.0
2011-11-10,0.0
2011-11-11,0.0
2011-11-12,0.0
2011-11-13,0.0
2011-11-14,0.0
2011-11-15,0.19
2011-11-16,0.49
2011-11-17,0.0
2011-11-18,0.0
2011-11-19,0.0
2011-11-20,0.0
2011-11-21,0.0
2011-11-22,0.0
2011-11-23,0.0
2011-11-24,0.0
2011-11-25,0.0
2011-11-26,0.0
2011-11-27,0.0
2011-11-28,0.0
2011-11-29,0.0
2011-11-30,0.0
2011-12-01,0.0
2011-12-02,0.0
2011-12-03,0.0
2011-12-04,0.0
2011-12-05,0.0
2011-12-06,0.0
2011-12-07,0.0
2011-12-08,0.0
2011-12-09,0.0
2011-12-10,0.0
2011-12-11,0.0
2011-12-12,0.0
2011-12-13,0.0
2011-12-14,0.0
2011-12-15,0.0
2011-12-16,0.0
2011-12-17,0.0
2011-12-18,0.0
2011-12-19,0.0
2011-12-20,0.0
2011-12-21,0.0
2011-12-22,0.0
2011-12-23,0.0
2011-12-24,0.0
2011-12-25,0.0
2011-12-26,0.0
2011-12-27,0.0
2011-12-28,0.14
2011-12-29,0.42
2011-12-30,0.0
2011-12-31,0.0
2012-01-01,0.01
2012-01-02,0.49
2012-01-03,0.28
2012-01-04,0.0
2012-01-05,0.83
2012-01-06,2.63
2012-01-07,7.52
2012-01-08,3.83
2012-01-09,2.06
2012-01-10,0.96
2012-01-11,0.06
2012-01-12,0.0
2012-01-13,0.0
2012-01-14,0.0
2012-01-15,0.0
2012-01-16,0.0
2012-01-17,0.0
2012-01-18,0.0
2012-01-19,0.0
2012-01-20,0.0
2012-01-21,0.0
2012-01-22,0.0
2012-01-23,0.0
2012-01-24,0.0
2012-01-25,0.0
2012-01-26,0.0
2012-01-27,0.0
2012-01-28,0.0
2012-01-29,0.0
2012-01-30,0.0
2012-01-31,0.0
2012-02-01,0.0
2012-02-02,0.0
2012-02-03,0.0
2012-02-04,0.0
2012-02-05,0.0
2012-02-06,0.0
2012-02-07,0.0
2012-02-08,0.0
2012-02-09,0.0
2012-02-10,0.0
2012-02-11,0.0
2012-02-12,0.0
2012-02-13,0.0
2012-02-14,0.0
2012-02-15,0.0
2012-02-16,3.92
2012-02-17,0.0
2012-02-18,0.0
2012-02-19,0.0
2012-02-20,0.0
2012-02-21,0.0
2012-02-22,0.0
2012-02-23,0.0
2012-02-24,0.0
2012-02-25,0.0
2012-02-26,0.0
2012-02-27,0.0
2012-02-28,0.0
2012-02-29,1.46
2012-03-01,0.66
2012-03-02,8.56
2012-03-03,5.69
2012-03-04,0.05
2012-03-05,0.03
2012-03-06,0.0
2012-03-07,0.0
2012-03-08,0.0
2012-03-09,0.0
2012-03-10,0.0
2012-03-11,0.0
2012-03-12,0.0
2012-03-13,0.0
2012-03-14,0.0
2012-03-15,0.0
2012-03-16,0.0
2012-03-17,0.72
2012-03-18,13.16
2012-03-19,0.59
2012-03-20,0.54
2012-03-21,0.01
2012-03-22,0.01
2012-03-23,0.0
2012-03-24,0.0
2012-03-25,0.0
2012-03-26,0.0
2012-03-27,0.0
2012-03-28,0.0
2012-03-29,0.0
2012-03-30,0.0
2012-03-31,0.0
2012-04-01,0.0
2012-04-02,0.0
2012-04-03,0.02
2012-04-04,0.05
2012-04-05,0.64
2012-04-06,9.0
2012-04-07,1.89
2012-04-08,5.13
2012-04-09,20.11
2012-04-10,28.23
2012-04-11,3.39
2012-04-12,4.87
2012-04-13,6.45
2012-04-14,0.04
2012-04-15,0.09
2012-04-16,0.03
2012-04-17,0.03
2012-04-18,0.02
2012-04-19,0.03
2012-04-20,0.05
2012-04-21,0.45
2012-04-22,0.54
2012-04-23,0.48
2012-04-24,0.8
2012-04-25,1.09
2012-04-26,1.29
2012-04-27,0.74
2012-04-28,2.52
2012-04-29,3.51
2012-04-30,4.62
2012-05-01,15.42
2012-05-02,15.57
2012-05-03,18.46
2012-05-04,11.95
2012-05-05,0.08
2012-05-06,0.06
2012-05-07,0.0
2012-05-08,0.0
2012-05-09,0.05
2012-05-10,0.18
2012-05-11,0.93
2012-05-12,1.86
2012-05-13,1.91
2012-05-14,0.97
2012-05-15,0.66
2012-05-16,0.47
2012-05-17,0.96
2012-05-18,1.6
2012-05-19,0.37
2012-05-20,2.13
2012-05-21,0.79
2012-05-22,0.01
2012-05-23,0.01
2012-05-24,0.01
2012-05-25,0.03
2012-05-26,0.12
2012-05-27,3.84
2012-05-28,9.09
2012-05-29,1.5
2012-05-30,3.17
2012-05-31,4.6
2012-06-01,23.14
2012-06-02,10.86
2012-06-03,0.88
2012-06-04,1.64
2012-06-05,1.57
2012-06-06,0.44
2012-06-07,0.83
2012-06-08,0.96
2012-06-09,0.3
2012-06-10,1.81
2012-06-11,1.37
2012-06-12,0.91
2012-06-13,1.68
2012-06-14,2.29
2012-06-15,10.38
2012-06-16,21.93
2012-06-17,5.66
2012-06-18,3.22
2012-06-19,4.32
2012-06-20,24.65
2012-06-21,40.4
2012-06-22,17.53
2012-06-23,34.26
2012-06-24,55.75
2012-06-25,9.88
2012-06-26,2.59
2012-06-27,0.48
2012-06-28,0.72
2012-06-29,0.37
2012-06-30,0.57
2012-07-01,1.37
2012-07-02,7.93
2012-07-03,6.8
2012-07-04,8.96
2012-07-05,12.31
2012-07-06,22.29
2012-07-07,24.8
2012-07-08,8.83
2012-07-09,11.45
2012-07-10,21.49
2012-07-11,12.04
2012-07-12,10.65
2012-07-13,14.31
2012-07-14,13.01
2012-07-15,18.15
2012-07-16,25.53
2012-07-17,26.63
2012-07-18,49.23
2012-07-19,7.51
2012-07-20,7.64
2012-07-21,7.77
2012-07-22,9.58
2012-07-23,18.13
2012-07-24,10.58
2012-07-25,8.78
2012-07-26,17.61
2012-07-27,33.44
2012-07-28,32.82
2012-07-29,20.28
2012-07-30,6.85
2012-07-31,11.43
2012-08-01,9.64
2012-08-02,3.12
2012-08-03,5.25
2012-08-04,14.96
2012-08-05,16.74
2012-08-06,7.04
2012-08-07,10.13
2012-08-08,21.23
2012-08-09,21.47
2012-08-10,6.4
2012-08-11,47.57
2012-08-12,38.68
2012-08-13,39.0
2012-08-14,7.36
2012-08-15,6.97
2012-08-16,6.43
2012-08-17,1.72
2012-08-18,3.43
2012-08-19,9.42
2012-08-20,17.32
2012-08-21,10.83
2012-08-22,9.05
2012-08-23,11.24
2012-08-24,3.31
2012-08-25,4.7
2012-08-26,2.7
2012-08-27,4.86
2012-08-28,5.82
2012-08-29,5.21
2012-08-30,1.25
2012-08-31,5.46
2012-09-01,12.4
2012-09-02,5.86
2012-09-03,25.21
2012-09-04,79.69
2012-09-05,45.26
2012-09-06,64.43
2012-09-07,0.07
2012-09-08,2.57
2012-09-09,18.78
2012-09-10,18.59
2012-09-11,10.73
2012-09-12,25.69
2012-09-13,12.62
2012-09-14,7.23
2012-09-15,8.76
2012-09-16,12.34
2012-09-17,9.0
2012-09-18,5.89
2012-09-19,0.88
2012-09-20,1.84
2012-09-21,2.42
2012-09-22,2.32
2012-09-23,2.61
2012-09-24,2.99
2012-09-25,1.49
2012-09-26,2.17
2012-09-27,0.72
2012-09-28,0.13
2012-09-29,0.24
2012-09-30,0.3
2012-10-01,0.17
2012-10-02,0.58
2012-10-03,2.77
2012-10-04,13.13
2012-10-05,9.82
2012-10-06,1.6
2012-10-07,0.39
2012-10-08,0.84
2012-10-09,0.83
2012-10-10,6.1
2012-10-11,6.55
2012-10-12,2.33
2012-10-13,4.38
2012-10-14,1.15
2012-10-15,1.74
2012-10-16,0.0
2012-10-17,0.0
2012-10-18,0.0
2012-10-19,0.0
2012-10-20,0.0
2012-10-21,0.0
2012-10-22,0.0
2012-10-23,0.0
2012-10-24,0.0
2012-10-25,0.0
2012-10-26,0.0
2012-10-27,0.0
2012-10-28,0.0
2012-10-29,0.0
2012-10-30,0.0
2012-10-31,0.0
2012-11-01,0.0
2012-11-02,0.02
2012-11-03,0.64
2012-11-04,1.31
2012-11-05,17.01
2012-11-06,39.05
2012-11-07,4.76
2012-11-08,0.31
2012-11-09,0.02
2012-11-10,0.0
2012-11-11,0.0
2012-11-12,0.0
2012-11-13,0.0
2012-11-14,0.0
2012-11-15,0.0
2012-11-16,0.0
2012-11-17,0.0
2012-11-18,0.0
2012-11-19,0.07
2012-11-20,0.21
2012-11-21,0.0
2012-11-22,0.0
2012-11-23,0.0
2012-11-24,0.0
2012-11-25,0.0
2012-11-26,0.0
2012-11-27,0.0
2012-11-28,0.0
2012-11-29,0.0
2012-11-30,0.0
2012-12-01,0.0
2012-12-02,0.0
2012-12-03,0.0
2012-12-04,0.0
2012-12-05,0.0
2012-12-06,0.0
2012-12-07,0.0
2012-12-08,0.0
2012-12-09,0.0
2012-12-10,0.0
2012-12-11,0.0
2012-12-12,1.9
2012-12-13,0.03
2012-12-14,0.0
2012-12-15,0.0
2012-12-16,0.0
2012-12-17,0.0
2012-12-18,0.0
2012-12-19,0.0
2012-12-20,0.0
2012-12-21,0.0
2012-12-22,0.0
2012-12-23,0.0
2012-12-24,0.0
2012-12-25,0.0
2012-12-26,0.0
2012-12-27,0.0
2012-12-28,0.0
2012-12-29,0.0
2012-12-30,0.0
2012-12-31,0.0
2013-01-01,0.0
2013-01-02,0.0
2013-01-03,1.02
2013-01-04,0.0
2013-01-05,0.0
2013-01-06,0.0
2013-01-07,0.0
2013-01-08,0.0
2013-01-09,0.0
2013-01-10,0.0
2013-01-11,0.0
2013-01-12,0.0
2013-01-13,0.0
2013-01-14,0.0
2013-01-15,0.0
2013-01-16,0.0
2013-01-17,0.0
2013-01-18,0.0
2013-01-19,0.0
2013-01-20,0.0
2013-01-21,0.0
2013-01-22,0.0
2013-01-23,0.0
2013-01-24,0.0
2013-01-25,0.0
2013-01-26,0.0
2013-01-27,0.0
2013-01-28,0.0
2013-01-29,0.0
2013-01-30,0.0
2013-01-31,0.0
2013-02-01,0.0
2013-02-02,0.0
2013-02-03,0.0
2013-02-04,0.0
2013-02-05,0.0
2013-02-06,0.0
2013-02-07,0.0
2013-02-08,0.0
2013-02-09,0.0
2013-02-10,0.0
2013-02-11,0.0
2013-02-12,0.19
2013-02-13,0.77
2013-02-14,0.02
2013-02-15,0.0
2013-02-16,0.01
2013-02-17,2.26
2013-02-18,2.47
2013-02-19,0.0
2013-02-20,0.0
2013-02-21,0.0
2013-02-22,0.0
2013-02-23,0.0
2013-02-24,0.0
2013-02-25,0.0
2013-02-26,0.0
2013-02-27,0.0
2013-02-28,0.0
2013-03-01,0.0
2013-03-02,0.0
2013-03-03,0.0
2013-03-04,0.0
2013-03-05,0.0
2013-03-06,0.0
2013-03-07,0.0
2013-03-08,0.0
2013-03-09,0.0
2013-03-10,0.0
2013-03-11,0.0
2013-03-12,0.0
2013-03-13,0.0
2013-03-14,0.0
2013-03-15,0.0
2013-03-16,0.13
2013-03-17,4.07
2013-03-18,0.59
2013-03-19,0.0
2013-03-20,0.01
2013-03-21,0.0
2013-03-22,0.01
2013-03-23,0.02
2013-03-24,0.0
2013-03-25,0.0
2013-03-26,0.02
2013-03-27,0.01
2013-03-28,0.01
2013-03-29,0.01
2013-03-30,0.02
2013-03-31,0.0
2013-04-01,0.21
2013-04-02,0.08
2013-04-03,0.0
2013-04-04,0.0
2013-04-05,0.05
2013-04-06,0.0
2013-04-07,0.0
2013-04-08,0.0
2013-04-09,0.0
2013-04-10,0.0
2013-04-11,0.26
2013-04-12,0.1
2013-04-13,0.01
2013-04-14,0.02
2013-04-15,0.21
2013-04-16,6.9
2013-04-17,24.34
2013-04-18,4.75
2013-04-19,2.52
2013-04-20,0.7
2013-04-21,0.63
2013-04-22,1.38
2013-04-23,0.07
2013-04-24,0.14
2013-04-25,0.14
2013-04-26,0.01
2013-04-27,3.08
2013-04-28,4.98
2013-04-29,0.09
2013-04-30,0.05
2013-05-01,1.0
2013-05-02,2.02
2013-05-03,1.97
2013-05-04,8.3
2013-05-05,33.09
2013-05-06,13.98
2013-05-07,28.62
2013-05-08,7.12
2013-05-09,8.91
2013-05-10,1.53
2013-05-11,2.11
2013-05-12,12.55
2013-05-13,11.96
2013-05-14,4.92
2013-05-15,69.47
2013-05-16,55.73
2013-05-17,1.45
2013-05-18,3.76
2013-05-19,2.77
2013-05-20,13.54
2013-05-21,40.61
2013-05-22,20.09
2013-05-23,12.47
2013-05-24,15.07
2013-05-25,10.08
2013-05-26,2.68
2013-05-27,9.71
2013-05-28,18.1
2013-05-29,28.31
2013-05-30,54.26
2013-05-31,25.56
2013-06-01,4.82
2013-06-02,0.49
2013-06-03,2.97
2013-06-04,0.3
2013-06-05,1.79
2013-06-06,4.91
2013-06-07,11.5
2013-06-08,8.45
2013-06-09,4.12
2013-06-10,2.84
2013-06-11,3.98
2013-06-12,7.5
2013-06-13,8.71
2013-06-14,12.86
2013-06-15,2.71
2013-06-16,0.76
2013-06-17,0.09
2013-06-18,3.34
2013-06-19,6.99
2013-06-20,8.6
2013-06-21,3.57
2013-06-22,7.17
2013-06-23,7.1
2013-06-24,14.92
2013-06-25,32.01
2013-06-26,22.15
2013-06-27,31.28
2013-06-28,41.32
2013-06-29,82.48
2013-06-30,33.31
2013-07-01,1.28
2013-07-02,6.18
2013-07-03,36.12
2013-07-04,23.98
2013-07-05,4.41
2013-07-06,0.97
2013-07-07,1.96
2013-07-08,2.98
2013-07-09,4.76
2013-07-10,7.34
2013-07-11,12.21
2013-07-12,29.88
2013-07-13,22.77
2013-07-14,9.69
2013-07-15,1.6
2013-07-16,7.39
2013-07-17,5.75
2013-07-18,4.07
2013-07-19,5.33
2013-07-20,5.5
2013-07-21,6.03
2013-07-22,3.25
2013-07-23,4.9
2013-07-24,6.4
2013-07-25,11.19
2013-07-26,38.43
2013-07-27,47.84
2013-07-28,69.62
2013-07-29,30.54
2013-07-30,17.37
2013-07-31,19.98
2013-08-01,15.78
2013-08-02,1.87
2013-08-03,0.65
2013-08-04,0.71
2013-08-05,5.87
2013-08-06,10.88
2013-08-07,10.1
2013-08-08,8.01
2013-08-09,7.74
2013-08-10,16.35
2013-08-11,21.83
2013-08-12,11.39
2013-08-13,1.66
2013-08-14,4.34
2013-08-15,18.79
2013-08-16,14.36
2013-08-17,17.62
2013-08-18,22.05
2013-08-19,30.29
2013-08-20,35.88
2013-08-21,17.06
2013-08-22,3.32
2013-08-23,1.55
2013-08-24,0.61
2013-08-25,0.46
2013-08-26,10.13
2013-08-27,40.61
2013-08-28,14.86
2013-08-29,8.1
2013-08-30,5.04
2013-08-31,12.99
2013-09-01,46.24
2013-09-02,44.85
2013-09-03,10.78
2013-09-04,2.36
2013-09-05,2.71
2013-09-06,3.66
2013-09-07,1.84
2013-09-08,20.56
2013-09-09,31.51
2013-09-10,7.05
2013-09-11,16.88
2013-09-12,1.09
2013-09-13,22.95
2013-09-14,39.18
2013-09-15,5.82
2013-09-16,4.04
2013-09-17,17.55
2013-09-18,11.46
2013-09-19,6.68
2013-09-20,3.6
2013-09-21,1.24
2013-09-22,0.4
2013-09-23,2.91
2013-09-24,2.26
2013-09-25,3.5
2013-09-26,5.36
2013-09-27,8.09
2013-09-28,17.49
2013-09-29,23.25
2013-09-30,52.06
2013-10-01,16.52
2013-10-02,8.69
2013-10-03,24.48
2013-10-04,31.62
2013-10-05,11.34
2013-10-06,15.57
2013-10-07,4.91
2013-10-08,6.6
2013-10-09,6.07
2013-10-10,0.26
2013-10-11,0.08
2013-10-12,4.08
2013-10-13,2.47
2013-10-14,1.57
2013-10-15,4.03
2013-10-16,2.31
2013-10-17,0.01
2013-10-18,0.02
2013-10-19,5.67
2013-10-20,8.4
2013-10-21,10.53
2013-10-22,13.06
2013-10-23,4.11
2013-10-24,4.25
2013-10-25,31.43
2013-10-26,56.72
2013-10-27,21.41
2013-10-28,0.03
2013-10-29,0.0
2013-10-30,0.0
2013-10-31,0.0
2013-11-01,0.0
2013-11-02,0.0
2013-11-03,0.0
2013-11-04,0.0
2013-11-05,0.0
2013-11-06,0.0
2013-11-07,0.0
2013-11-08,0.0
2013-11-09,0.0
2013-11-10,0.0
2013-11-11,0.0
2013-11-12,0.0
2013-11-13,0.0
2013-11-14,0.0
2013-11-15,0.0
2013-11-16,0.0
2013-11-17,0.0
2013-11-18,0.0
2013-11-19,0.0
2013-11-20,0.0
2013-11-21,0.0
2013-11-22,0.0
2013-11-23,0.0
2013-11-24,0.0
2013-11-25,0.0
2013-11-26,0.0
2013-11-27,0.0
2013-11-28,0.0
2013-11-29,0.0
2013-11-30,0.0
2013-12-01,0.0
2013-12-02,0.0
2013-12-03,0.0
2013-12-04,0.0
2013-12-05,0.0
2013-12-06,0.0
2013-12-07,0.0
2013-12-08,0.0
2013-12-09,0.0
2013-12-10,0.0
2013-12-11,0.0
2013-12-12,0.0
2013-12-13,0.0
2013-12-14,0.0
2013-12-15,0.0
2013-12-16,0.0
2013-12-17,0.0
2013-12-18,0.0
2013-12-19,0.0
2013-12-20,0.0
2013-12-21,0.0
2013-12-22,0.0
2013-12-23,0.0
2013-12-24,0.0
2013-12-25,0.0
2013-12-26,0.0
2013-12-27,0.0
2013-12-28,0.0
2013-12-29,0.0
2013-12-30,0.0
2013-12-31,0.0
2014-01-01,0.0
2014-01-02,0.0
2014-01-03,0.0
2014-01-04,0.0
2014-01-05,0.0
2014-01-06,0.0
2014-01-07,0.0
2014-01-08,0.0
2014-01-09,0.0
2014-01-10,0.0
2014-01-11,0.0
2014-01-12,0.0
2014-01-13,0.0
2014-01-14,0.0
2014-01-15,0.0
2014-01-16,0.0
2014-01-17,0.0
2014-01-18,0.0
2014-01-19,0.0
2014-01-20,0.0
2014-01-21,0.0
2014-01-22,0.0
2014-01-23,0.0
2014-01-24,0.0
2014-01-25,0.0
2014-01-26,0.0
2014-01-27,0.0
2014-01-28,0.0
2014-01-29,0.0
2014-01-30,0.0
2014-01-31,0.0
2014-02-01,0.0
2014-02-02,0.0
2014-02-03,0.0
2014-02-04,0.0
2014-02-05,0.0
2014-02-06,0.0
2014-02-07,0.0
2014-02-08,0.0
2014-02-09,0.0
2014-02-10,0.0
2014-02-11,0.0
2014-02-12,0.0
2014-02-13,0.0
2014-02-14,0.0
2014-02-15,0.01
2014-02-16,4.46
2014-02-17,10.94
2014-02-18,0.0
2014-02-19,0.0
2014-02-20,0.0
2014-02-21,0.0
2014-02-22,0.0
2014-02-23,0.0
2014-02-24,0.0
2014-02-25,0.0
2014-02-26,0.0
2014-02-27,0.0
2014-02-28,0.0
2014-03-01,0.0
2014-03-02,0.0
2014-03-03,0.0
2014-03-04,0.0
2014-03-05,0.0
2014-03-06,0.0
2014-03-07,0.0
2014-03-08,0.0
2014-03-09,0.0
2014-03-10,0.0
2014-03-11,0.0
2014-03-12,0.0
2014-03-13,0.0
2014-03-14,0.0
2014-03-15,0.0
2014-03-16,0.0
2014-03-17,0.0
2014-03-18,0.0
2014-03-19,0.04
2014-03-20,0.12
2014-03-21,0.01
2014-03-22,0.3
2014-03-23,4.29
2014-03-24,2.47
2014-03-25,0.82
2014-03-26,0.02
2014-03-27,0.0
2014-03-28,0.0
2014-03-29,0.0
2014-03-30,0.0
2014-03-31,0.0
2014-04-01,0.16
2014-04-02,0.19
2014-04-03,0.2
2014-04-04,0.59
2014-04-05,0.17
2014-04-06,0.22
2014-04-07,0.07
2014-04-08,0.0
2014-04-09,0.0
2014-04-10,0.0
2014-04-11,0.0
2014-04-12,0.0
2014-04-13,0.0
2014-04-14,0.0
2014-04-15,0.0
2014-04-16,0.0
2014-04-17,0.0
2014-04-18,0.0
2014-04-19,0.0
2014-04-20,0.0
2014-04-21,0.0
2014-04-22,0.0
2014-04-23,0.0
2014-04-24,0.0
2014-04-25,0.03
2014-04-26,0.14
2014-04-27,0.22
2014-04-28,0.15
2014-04-29,0.68
2014-04-30,2.06
2014-05-01,2.77
2014-05-02,5.11
2014-05-03,7.73
2014-05-04,13.63
2014-05-05,9.85
2014-05-06,10.34
2014-05-07,2.06
2014-05-08,0.49
2014-05-09,0.54
2014-05-10,4.18
2014-05-11,5.12
2014-05-12,1.95
2014-05-13,0.29
2014-05-14,0.39
2014-05-15,4.07
2014-05-16,2.75
2014-05-17,0.0
2014-05-18,0.0
2014-05-19,0.0
2014-05-20,0.0
2014-05-21,0.07
2014-05-22,0.09
2014-05-23,0.84
2014-05-24,5.78
2014-05-25,19.94
2014-05-26,15.85
2014-05-27,16.8
2014-05-28,23.1
2014-05-29,9.25
2014-05-30,6.3
2014-05-31,21.75
2014-06-01,19.41
2014-06-02,5.25
2014-06-03,2.81
2014-06-04,2.42
2014-06-05,1.52
2014-06-06,0.07
2014-06-07,0.05
2014-06-08,0.07
2014-06-09,0.15
2014-06-10,10.72
2014-06-11,21.59
2014-06-12,1.33
2014-06-13,2.15
2014-06-14,3.12
2014-06-15,0.86
2014-06-16,1.94
2014-06-17,5.3
2014-06-18,17.03
2014-06-19,15.22
2014-06-20,39.4
2014-06-21,89.53
2014-06-22,30.2
2014-06-23,31.11
2014-06-24,15.14
2014-06-25,10.32
2014-06-26,7.88
2014-06-27,7.96
2014-06-28,8.69
2014-06-29,25.93
2014-06-30,27.14
2014-07-01,12.85
2014-07-02,11.98
2014-07-03,23.09
2014-07-04,37.03
2014-07-05,49.45
2014-07-06,4.82
2014-07-07,0.39
2014-07-08,0.49
2014-07-09,2.16
2014-07-10,1.96
2014-07-11,5.67
2014-07-12,8.74
2014-07-13,11.84
2014-07-14,16.29
2014-07-15,8.74
2014-07-16,26.09
2014-07-17,25.02
2014-07-18,19.28
2014-07-19,14.21
2014-07-20,15.11
2014-07-21,34.29
2014-07-22,12.34
2014-07-23,5.99
2014-07-24,8.7
2014-07-25,15.6
2014-07-26,9.03
2014-07-27,8.37
2014-07-28,15.22
2014-07-29,11.04
2014-07-30,8.54
2014-07-31,8.16
2014-08-01,3.47
2014-08-02,10.94
2014-08-03,8.91
2014-08-04,18.37
2014-08-05,16.36
2014-08-06,6.25
2014-08-07,7.18
2014-08-08,19.39
2014-08-09,9.29
2014-08-10,6.8
2014-08-11,7.24
2014-08-12,20.92
2014-08-13,38.51
2014-08-14,37.91
2014-08-15,29.42
2014-08-16,25.84
2014-08-17,13.26
2014-08-18,8.47
2014-08-19,6.68
2014-08-20,17.58
2014-08-21,7.0
2014-08-22,10.5
2014-08-23,6.12
2014-08-24,4.37
2014-08-25,3.9
2014-08-26,3.11
2014-08-27,4.42
2014-08-28,4.33
2014-08-29,0.69
2014-08-30,8.59
2014-08-31,26.12
2014-09-01,16.26
2014-09-02,4.05
2014-09-03,1.43
2014-09-04,8.14
2014-09-05,13.09
2014-09-06,3.68
2014-09-07,6.08
2014-09-08,12.4
2014-09-09,4.25
2014-09-10,1.15
2014-09-11,1.88
2014-09-12,3.89
2014-09-13,1.9
2014-09-14,1.0
2014-09-15,1.42
2014-09-16,0.58
2014-09-17,0.46
2014-09-18,6.26
2014-09-19,30.39
2014-09-20,50.17
2014-09-21,28.13
2014-09-22,27.86
2014-09-23,22.71
2014-09-24,3.39
2014-09-25,8.23
2014-09-26,4.27
2014-09-27,1.5
2014-09-28,0.14
2014-09-29,0.06
2014-09-30,0.33
2014-10-01,0.55
2014-10-02,1.05
2014-10-03,3.79
2014-10-04,4.51
2014-10-05,7.87
2014-10-06,0.24
2014-10-07,2.87
2014-10-08,4.49
2014-10-09,0.82
2014-10-10,3.1
2014-10-11,22.94
2014-10-12,18.22
2014-10-13,13.54
2014-10-14,11.89
2014-10-15,3.19
2014-10-16,3.98
2014-10-17,0.35
2014-10-18,0.0
2014-10-19,0.0
2014-10-20,0.0
2014-10-21,0.0
2014-10-22,0.0
2014-10-23,0.0
2014-10-24,0.0
2014-10-25,0.0
2014-10-26,0.02
2014-10-27,0.21
2014-10-28,0.39
2014-10-29,0.2
2014-10-30,0.0
2014-10-31,0.0
2014-11-01,0.0
2014-11-02,0.0
2014-11-03,0.0
2014-11-04,0.0
2014-11-05,0.0
2014-11-06,0.0
2014-11-07,0.08
2014-11-08,1.08
2014-11-09,0.32
2014-11-10,0.01
2014-11-11,0.0
2014-11-12,0.0
2014-11-13,0.0
2014-11-14,0.0
2014-11-15,0.0
2014-11-16,0.0
2014-11-17,0.0
2014-11-18,0.0
2014-11-19,0.0
2014-11-20,0.0
2014-11-21,0.0
2014-11-22,0.0
2014-11-23,0.0
2014-11-24,0.0
2014-11-25,0.0
2014-11-26,0.0
2014-11-27,0.0
2014-11-28,0.0
2014-11-29,0.0
2014-11-30,0.0
2014-12-01,0.0
2014-12-02,0.0
2014-12-03,0.0
2014-12-04,0.0
2014-12-05,0.0
2014-12-06,0.0
2014-12-07,0.0
2014-12-08,0.0
2014-12-09,0.0
2014-12-10,0.0
2014-12-11,0.0
2014-12-12,0.04
2014-12-13,0.0
2014-12-14,0.0
2014-12-15,0.0
2014-12-16,0.0
2014-12-17,0.0
2014-12-18,0.0
2014-12-19,0.0
2014-12-20,0.0
2014-12-21,0.0
2014-12-22,0.0
2014-12-23,0.0
2014-12-24,0.0
2014-12-25,0.0
2014-12-26,0.0
2014-12-27,0.0
2014-12-28,0.0
2014-12-29,0.0
2014-12-30,0.0
2014-12-31,0.07
2015-01-01,1.75
2015-01-02,1.93
2015-01-03,2.01
2015-01-04,6.55
2015-01-05,0.01
2015-01-06,0.0
2015-01-07,0.0
2015-01-08,0.0
2015-01-09,0.0
2015-01-10,0.0
2015-01-11,0.0
2015-01-12,0.0
2015-01-13,0.0
2015-01-14,0.0
2015-01-15,0.0
2015-01-16,0.31
2015-01-17,2.65
2015-01-18,0.0
2015-01-19,0.0
2015-01-20,0.0
2015-01-21,0.0
2015-01-22,0.0
2015-01-23,0.0
2015-01-24,0.0
2015-01-25,0.0
2015-01-26,0.0
2015-01-27,0.0
2015-01-28,0.0
2015-01-29,0.0
2015-01-30,0.0
2015-01-31,0.0
2015-02-01,0.0
2015-02-02,0.0
2015-02-03,0.0
2015-02-04,0.0
2015-02-05,0.0
2015-02-06,0.0
2015-02-07,0.0
2015-02-08,0.0
2015-02-09,0.0
2015-02-10,0.0
2015-02-11,0.0
2015-02-12,0.0
2015-02-13,0.0
2015-02-14,0.0
2015-02-15,2.28
2015-02-16,0.06
2015-02-17,0.06
2015-02-18,0.95
2015-02-19,4.12
2015-02-20,0.05
2015-02-21,0.48
2015-02-22,1.75
2015-02-23,1.94
2015-02-24,0.0
2015-02-25,0.0
2015-02-26,0.0
2015-02-27,0.0
2015-02-28,0.0
2015-03-01,0.0
2015-03-02,0.0
2015-03-03,0.07
2015-03-04,25.71
2015-03-05,1.36
2015-03-06,0.0
2015-03-07,0.0
2015-03-08,0.0
2015-03-09,0.0
2015-03-10,0.0
2015-03-11,0.0
2015-03-12,0.0
2015-03-13,0.0
2015-03-14,0.0
2015-03-15,0.0
2015-03-16,0.0
2015-03-17,0.0
2015-03-18,0.0
2015-03-19,0.01
2015-03-20,0.0
2015-03-21,0.0
2015-03-22,0.0
2015-03-23,0.01
2015-03-24,0.8
2015-03-25,3.07
2015-03-26,1.32
2015-03-27,0.03
2015-03-28,0.77
2015-03-29,1.45
2015-03-30,1.07
2015-03-31,9.94
2015-04-01,0.68
2015-04-02,7.14
2015-04-03,6.54
2015-04-04,6.52
2015-04-05,11.35
2015-04-06,26.8
2015-04-07,12.38
2015-04-08,0.99
2015-04-09,2.64
2015-04-10,1.94
2015-04-11,0.23
2015-04-12,0.25
2015-04-13,0.98
2015-04-14,0.35
2015-04-15,0.21
2015-04-16,0.1
2015-04-17,0.04
2015-04-18,1.79
2015-04-19,1.09
2015-04-20,0.56
2015-04-21,3.5
2015-04-22,10.48
2015-04-23,9.65
2015-04-24,74.17
2015-04-25,3.83
2015-04-26,1.32
2015-04-27,1.45
2015-04-28,2.23
2015-04-29,9.01
2015-04-30,7.54
2015-05-01,6.06
2015-05-02,1.68
2015-05-03,1.53
2015-05-04,1.36
2015-05-05,0.14
2015-05-06,1.31
2015-05-07,2.43
2015-05-08,1.04
2015-05-09,1.21
2015-05-10,3.0
2015-05-11,7.38
2015-05-12,6.08
2015-05-13,0.82
2015-05-14,0.61
2015-05-15,4.73
2015-05-16,3.66
2015-05-17,3.22
2015-05-18,1.09
2015-05-19,0.14
2015-05-20,0.35
2015-05-21,0.39
2015-05-22,1.57
2015-05-23,4.7
2015-05-24,10.25
2015-05-25,5.05
2015-05-26,1.22
2015-05-27,0.23
2015-05-28,0.27
2015-05-29,0.17
2015-05-30,0.2
2015-05-31,0.62
2015-06-01,1.23
2015-06-02,0.81
2015-06-03,0.97
2015-06-04,1.17
2015-06-05,5.57
2015-06-06,10.15
2015-06-07,8.08
2015-06-08,9.93
2015-06-09,5.72
2015-06-10,6.84
2015-06-11,12.7
2015-06-12,12.83
2015-06-13,13.91
2015-06-14,27.22
2015-06-15,14.87
2015-06-16,38.02
2015-06-17,3.68
2015-06-18,4.4
2015-06-19,2.19
2015-06-20,13.8
2015-06-21,99.64
2015-06-22,57.42
2015-06-23,48.15
2015-06-24,121.63
2015-06-25,92.42
2015-06-26,65.69
2015-06-27,28.27
2015-06-28,34.77
2015-06-29,25.13
2015-06-30,3.03
2015-07-01,11.93
2015-07-02,28.62
2015-07-03,18.59
2015-07-04,5.1
2015-07-05,5.74
2015-07-06,4.46
2015-07-07,34.34
2015-07-08,57.11
2015-07-09,171.49
2015-07-10,32.52
2015-07-11,8.44
2015-07-12,1.12
2015-07-13,0.69
2015-07-14,4.73
2015-07-15,25.34
2015-07-16,179.99
2015-07-17,31.99
2015-07-18,43.86
2015-07-19,56.86
2015-07-20,15.51
2015-07-21,17.71
2015-07-22,34.95
2015-07-23,28.46
2015-07-24,72.7
2015-07-25,69.31
2015-07-26,89.92
2015-07-27,43.46
2015-07-28,73.9
2015-07-29,90.33
2015-07-30,66.19
2015-07-31,39.95
2015-08-01,25.65
2015-08-02,33.4
2015-08-03,5.64
2015-08-04,1.97
2015-08-05,4.01
2015-08-06,13.25
2015-08-07,1.01
2015-08-08,0.35
2015-08-09,1.87
2015-08-10,5.52
2015-08-11,11.65
2015-08-12,10.55
2015-08-13,6.98
2015-08-14,19.66
2015-08-15,37.71
2015-08-16,58.74
2015-08-17,24.03
2015-08-18,25.63
2015-08-19,34.01
2015-08-20,26.88
2015-08-21,29.93
2015-08-22,22.95
2015-08-23,5.91
2015-08-24,2.36
2015-08-25,3.75
2015-08-26,1.63
2015-08-27,8.37
2015-08-28,16.86
2015-08-29,20.54
2015-08-30,18.74
2015-08-31,29.99
2015-09-01,37.33
2015-09-02,40.66
2015-09-03,8.0
2015-09-04,3.73
2015-09-05,5.62
2015-09-06,3.67
2015-09-07,8.4
2015-09-08,6.41
2015-09-09,2.21
2015-09-10,16.07
2015-09-11,8.05
2015-09-12,8.39
2015-09-13,7.04
2015-09-14,8.97
2015-09-15,14.86
2015-09-16,4.7
2015-09-17,0.42
2015-09-18,7.07
2015-09-19,41.76
2015-09-20,58.71
2015-09-21,29.19
2015-09-22,21.67
2015-09-23,40.91
2015-09-24,28.31
2015-09-25,0.94
2015-09-26,1.45
2015-09-27,0.66
2015-09-28,0.01
2015-09-29,0.01
2015-09-30,0.35
2015-10-01,2.59
2015-10-02,8.87
2015-10-03,8.03
2015-10-04,5.2
2015-10-05,6.42
2015-10-06,1.58
2015-10-07,30.09
2015-10-08,50.63
2015-10-09,10.74
2015-10-10,13.68
2015-10-11,8.17
2015-10-12,6.4
2015-10-13,12.22
2015-10-14,6.08
2015-10-15,2.73
2015-10-16,0.23
2015-10-17,0.47
2015-10-18,0.04
2015-10-19,0.0
2015-10-20,0.01
2015-10-21,0.02
2015-10-22,0.02
2015-10-23,0.01
2015-10-24,0.0
2015-10-25,0.0
2015-10-26,0.0
2015-10-27,0.0
2015-10-28,0.0
2015-10-29,0.02
2015-10-30,2.3
2015-10-31,11.06
2015-11-01,14.57
2015-11-02,4.49
2015-11-03,0.01
2015-11-04,0.0
2015-11-05,0.0
2015-11-06,0.0
2015-11-07,0.0
2015-11-08,0.01
2015-11-09,0.0
2015-11-10,0.0
2015-11-11,0.0
2015-11-12,0.0
2015-11-13,0.0
2015-11-14,0.0
2015-11-15,0.0
2015-11-16,0.0
2015-11-17,0.26
2015-11-18,1.08
2015-11-19,0.0
2015-11-20,0.11
2015-11-21,0.0
2015-11-22,0.0
2015-11-23,0.0
2015-11-24,0.0
2015-11-25,0.0
2015-11-26,0.0
2015-11-27,0.0
2015-11-28,0.0
2015-11-29,0.0
2015-11-30,0.0
2015-12-01,0.0
2015-12-02,0.0
2015-12-03,0.1
2015-12-04,0.18
2015-12-05,0.0
2015-12-06,0.01
2015-12-07,0.01
2015-12-08,0.0
2015-12-09,0.0
2015-12-10,0.0
2015-12-11,0.0
2015-12-12,0.06
2015-12-13,0.89
2015-12-14,0.38
2015-12-15,4.84
2015-12-16,0.01
2015-12-17,0.0
2015-12-18,3.36
2015-12-19,0.02
2015-12-20,0.0
2015-12-21,0.0
2015-12-22,0.0
2015-12-23,0.0
2015-12-24,0.0
2015-12-25,0.0
2015-12-26,0.0
2015-12-27,0.0
2015-12-28,0.0
2015-12-29,0.0
2015-12-30,0.0
2015-12-31,0.0
2016-01-01,0.0
2016-01-02,0.0
2016-01-03,0.0
2016-01-04,0.0
2016-01-05,0.0
2016-01-06,0.0
2016-01-07,0.0
2016-01-08,0.0
2016-01-09,0.03
2016-01-10,0.07
2016-01-11,0.01
2016-01-12,0.0
2016-01-13,0.0
2016-01-14,0.0
2016-01-15,0.0
2016-01-16,0.01
2016-01-17,0.23
2016-01-18,0.0
2016-01-19,0.0
2016-01-20,0.05
2016-01-21,2.53
2016-01-22,0.09
2016-01-23,0.0
2016-01-24,0.0
2016-01-25,0.0
2016-01-26,0.0
2016-01-27,0.08
2016-01-28,0.08
2016-01-29,0.0
2016-01-30,0.0
2016-01-31,0.0
2016-02-01,0.01
2016-02-02,0.0
2016-02-03,0.0
2016-02-04,0.0
2016-02-05,0.0
2016-02-06,0.0
2016-02-07,0.0
2016-02-08,0.0
2016-02-09,0.86
2016-02-10,0.02
2016-02-11,0.0
2016-02-12,0.86
2016-02-13,0.15
2016-02-14,0.01
2016-02-15,0.0
2016-02-16,0.0
2016-02-17,0.0
2016-02-18,0.0
2016-02-19,0.0
2016-02-20,0.0
2016-02-21,0.0
2016-02-22,1.01
2016-02-23,0.78
2016-02-24,27.95
2016-02-25,41.6
2016-02-26,7.36
2016-02-27,0.21
2016-02-28,0.0
2016-02-29,0.04
2016-03-01,0.02
2016-03-02,0.01
2016-03-03,0.0
2016-03-04,0.01
2016-03-05,0.02
2016-03-06,0.01
2016-03-07,0.06
2016-03-08,0.0
2016-03-09,0.0
2016-03-10,0.0
2016-03-11,0.0
2016-03-12,0.01
2016-03-13,0.02
2016-03-14,0.0
2016-03-15,0.0
2016-03-16,0.21
2016-03-17,0.61
2016-03-18,0.09
2016-03-19,3.05
2016-03-20,5.61
2016-03-21,6.72
2016-03-22,3.03
2016-03-23,0.32
2016-03-24,0.02
2016-03-25,0.0
2016-03-26,0.0
2016-03-27,0.09
2016-03-28,6.75
2016-03-29,2.49
2016-03-30,4.48
2016-03-31,16.04
2016-04-01,16.18
2016-04-02,2.32
2016-04-03,0.67
2016-04-04,0.29
2016-04-05,0.76
2016-04-06,0.73
2016-04-07,0.13
2016-04-08,0.11
2016-04-09,0.02
2016-04-10,0.03
2016-04-11,0.59
2016-04-12,0.81
2016-04-13,1.45
2016-04-14,2.91
2016-04-15,2.89
2016-04-16,1.13
2016-04-17,0.03
2016-04-18,0.07
2016-04-19,0.02
2016-04-20,0.01
2016-04-21,0.05
2016-04-22,0.1
2016-04-23,0.09
2016-04-24,0.12
2016-04-25,0.08
2016-04-26,0.04
2016-04-27,0.07
2016-04-28,0.11
2016-04-29,0.19
2016-04-30,0.09
2016-05-01,3.1
2016-05-02,9.07
2016-05-03,6.98
2016-05-04,10.55
2016-05-05,7.57
2016-05-06,12.7
2016-05-07,10.5
2016-05-08,7.64
2016-05-09,10.5
2016-05-10,2.9
2016-05-11,1.25
2016-05-12,1.87
2016-05-13,11.74
2016-05-14,19.57
2016-05-15,11.46
2016-05-16,2.16
2016-05-17,5.59
2016-05-18,16.44
2016-05-19,42.58
2016-05-20,148.48
2016-05-21,254.14
2016-05-22,6.59
2016-05-23,11.86
2016-05-24,4.22
2016-05-25,4.95
2016-05-26,24.04
2016-05-27,8.94
2016-05-28,16.56
2016-05-29,5.41
2016-05-30,3.41
2016-05-31,15.21
2016-06-01,14.13
2016-06-02,6.04
2016-06-03,2.24
2016-06-04,6.83
2016-06-05,13.41
2016-06-06,16.81
2016-06-07,10.09
2016-06-08,10.61
2016-06-09,24.78
2016-06-10,10.74
2016-06-11,9.02
2016-06-12,18.09
2016-06-13,28.01
2016-06-14,10.53
2016-06-15,7.31
2016-06-16,3.06
2016-06-17,8.5
2016-06-18,7.51
2016-06-19,7.55
2016-06-20,7.55
2016-06-21,8.17
2016-06-22,3.41
2016-06-23,4.99
2016-06-24,2.52
2016-06-25,2.0
2016-06-26,7.88
2016-06-27,12.67
2016-06-28,12.71
2016-06-29,5.23
2016-06-30,6.7
2016-07-01,26.32
2016-07-02,48.07
2016-07-03,306.8
2016-07-04,125.48
2016-07-05,131.77
2016-07-06,41.0
2016-07-07,55.46
2016-07-08,10.55
2016-07-09,10.51
2016-07-10,21.56
2016-07-11,21.23
2016-07-12,23.46
2016-07-13,29.75
2016-07-14,29.62
2016-07-15,36.73
2016-07-16,60.63
2016-07-17,61.57
2016-07-18,23.28
2016-07-19,20.74
2016-07-20,11.78
2016-07-21,7.04
2016-07-22,14.68
2016-07-23,28.99
2016-07-24,23.59
2016-07-25,44.05
2016-07-26,30.44
2016-07-27,5.28
2016-07-28,2.9
2016-07-29,8.66
2016-07-30,12.44
2016-07-31,6.53
2016-08-01,47.79
2016-08-02,38.35
2016-08-03,18.22
2016-08-04,21.41
2016-08-05,26.53
2016-08-06,43.92
2016-08-07,66.77
2016-08-08,19.76
2016-08-09,141.99
2016-08-10,89.5
2016-08-11,33.44
2016-08-12,31.95
2016-08-13,12.99
2016-08-14,22.3
2016-08-15,20.79
2016-08-16,8.1
2016-08-17,36.67
2016-08-18,20.7
2016-08-19,8.03
2016-08-20,14.84
2016-08-21,266.98
2016-08-22,111.72
2016-08-23,5.52
2016-08-24,7.47
2016-08-25,12.34
2016-08-26,3.29
2016-08-27,4.5
2016-08-28,9.33
2016-08-29,3.16
2016-08-30,4.4
2016-08-31,12.69
2016-09-01,89.88
2016-09-02,53.09
2016-09-03,52.41
2016-09-04,24.57
2016-09-05,24.95
2016-09-06,42.66
2016-09-07,7.74
2016-09-08,1.17
2016-09-09,2.99
2016-09-10,4.3
2016-09-11,6.04
2016-09-12,10.47
2016-09-13,10.02
2016-09-14,6.02
2016-09-15,7.96
2016-09-16,8.04
2016-09-17,11.27
2016-09-18,2.81
2016-09-19,4.53
2016-09-20,7.92
2016-09-21,13.52
2016-09-22,18.23
2016-09-23,24.61
2016-09-24,24.52
2016-09-25,8.91
2016-09-26,21.41
2016-09-27,10.07
2016-09-28,49.18
2016-09-29,10.72
2016-09-30,1.97
2016-10-01,3.59
2016-10-02,4.4
2016-10-03,7.94
2016-10-04,21.26
2016-10-05,16.13
2016-10-06,18.14
2016-10-07,23.45
2016-10-08,7.3
2016-10-09,8.48
2016-10-10,84.24
2016-10-11,185.45
2016-10-12,40.49
2016-10-13,29.27
2016-10-14,5.1
2016-10-15,1.53
2016-10-16,0.0
2016-10-17,0.0
2016-10-18,0.0
2016-10-19,0.01
2016-10-20,0.0
2016-10-21,0.0
2016-10-22,0.0
2016-10-23,0.0
2016-10-24,0.0
2016-10-25,0.04
2016-10-26,6.48
2016-10-27,20.75
2016-10-28,4.28
2016-10-29,10.62
2016-10-30,11.02
2016-10-31,3.51
2016-11-01,0.09
2016-11-02,0.98
2016-11-03,2.56
2016-11-04,33.43
2016-11-05,243.91
2016-11-06,1.11
2016-11-07,9.69
2016-11-08,0.02
2016-11-09,0.0
2016-11-10,0.0
2016-11-11,0.0
2016-11-12,0.0
2016-11-13,0.0
2016-11-14,0.0
2016-11-15,0.0
2016-11-16,0.0
2016-11-17,0.0
2016-11-18,0.0
2016-11-19,0.0
2016-11-20,0.0
2016-11-21,0.0
2016-11-22,0.0
2016-11-23,0.0
2016-11-24,0.0
2016-11-25,0.0
2016-11-26,0.0
2016-11-27,0.1
2016-11-28,0.4
2016-11-29,0.0
2016-11-30,0.01
2016-12-01,0.0
2016-12-02,0.0
2016-12-03,0.0
2016-12-04,0.0
2016-12-05,0.0
2016-12-06,0.0
2016-12-07,0.0
2016-12-08,0.0
2016-12-09,0.0
2016-12-10,0.0
2016-12-11,0.0
2016-12-12,0.0
2016-12-13,0.0
2016-12-14,0.0
2016-12-15,1.79
2016-12-16,0.0
2016-12-17,0.0
2016-12-18,0.0
2016-12-19,0.0
2016-12-20,0.0
2016-12-21,0.0
2016-12-22,0.0
2016-12-23,0.0
2016-12-24,0.0
2016-12-25,0.0
2016-12-26,0.0
2016-12-27,0.0
2016-12-28,0.0
2016-12-29,0.0
2016-12-30,0.0
2016-12-31,0.0
2017-01-01,0.0
2017-01-02,0.0
2017-01-03,0.01
2017-01-04,0.02
2017-01-05,0.07
2017-01-06,0.0
2017-01-07,0.0
2017-01-08,0.0
2017-01-09,0.0
2017-01-10,0.0
2017-01-11,0.0
2017-01-12,0.0
2017-01-13,0.0
2017-01-14,0.0
2017-01-15,0.0
2017-01-16,0.0
2017-01-17,0.0
2017-01-18,0.0
2017-01-19,0.0
2017-01-20,0.0
2017-01-21,0.0
2017-01-22,0.0
2017-01-23,0.0
2017-01-24,0.0
2017-01-25,0.0
2017-01-26,0.0
2017-01-27,0.0
2017-01-28,0.0
2017-01-29,0.0
2017-01-30,0.0
2017-01-31,0.0
2017-02-01,0.0
2017-02-02,0.0
2017-02-03,0.0
2017-02-04,0.0
2017-02-05,0.0
2017-02-06,0.0
2017-02-07,0.0
2017-02-08,0.0
2017-02-09,0.0
2017-02-10,0.0
2017-02-11,0.0
2017-02-12,0.0
2017-02-13,0.0
2017-02-14,0.0
2017-02-15,0.0
2017-02-16,0.0
2017-02-17,0.0
2017-02-18,0.0
2017-02-19,0.0
2017-02-20,0.01
2017-02-21,0.02
2017-02-22,0.05
2017-02-23,0.67
2017-02-24,0.07
2017-02-25,0.15
2017-02-26,0.0
2017-02-27,0.0
2017-02-28,0.0
2017-03-01,0.0
2017-03-02,0.0
2017-03-03,0.01
2017-03-04,0.0
2017-03-05,1.39
2017-03-06,22.13
2017-03-07,4.23
2017-03-08,17.84
2017-03-09,8.86
2017-03-10,23.92
2017-03-11,92.21
2017-03-12,54.46
2017-03-13,1.12
2017-03-14,0.0
2017-03-15,0.0
2017-03-16,0.0
2017-03-17,0.0
2017-03-18,0.92
2017-03-19,0.66
2017-03-20,35.63
2017-03-21,2.0
2017-03-22,3.65
2017-03-23,0.0
2017-03-24,0.01
2017-03-25,0.14
2017-03-26,0.09
2017-03-27,0.11
2017-03-28,0.04
2017-03-29,0.56
2017-03-30,0.44
2017-03-31,0.06
2017-04-01,2.4
2017-04-02,4.46
2017-04-03,7.37
2017-04-04,9.08
2017-04-05,16.33
2017-04-06,13.22
2017-04-07,3.94
2017-04-08,1.49
2017-04-09,0.67
2017-04-10,0.63
2017-04-11,0.63
2017-04-12,0.01
2017-04-13,0.0
2017-04-14,0.0
2017-04-15,0.03
2017-04-16,3.61
2017-04-17,1.38
2017-04-18,4.41
2017-04-19,37.18
2017-04-20,50.4
2017-04-21,54.49
2017-04-22,44.7
2017-04-23,37.81
2017-04-24,35.99
2017-04-25,14.94
2017-04-26,2.92
2017-04-27,0.61
2017-04-28,1.11
2017-04-29,1.0
2017-04-30,1.68
2017-05-01,8.21
2017-05-02,6.62
2017-05-03,2.31
2017-05-04,0.06
2017-05-05,0.32
2017-05-06,0.79
2017-05-07,1.03
2017-05-08,0.97
2017-05-09,3.54
2017-05-10,10.98
2017-05-11,10.19
2017-05-12,2.57
2017-05-13,4.76
2017-05-14,5.23
2017-05-15,13.76
2017-05-16,16.37
2017-05-17,17.99
2017-05-18,7.48
2017-05-19,11.92
2017-05-20,3.3
2017-05-21,0.49
2017-05-22,0.19
2017-05-23,0.37
2017-05-24,0.1
2017-05-25,0.06
2017-05-26,3.06
2017-05-27,2.87
2017-05-28,5.29
2017-05-29,26.11
2017-05-30,36.62
2017-05-31,20.3
2017-06-01,48.85
2017-06-02,41.54
2017-06-03,37.43
2017-06-04,18.86
2017-06-05,11.43
2017-06-06,19.92
2017-06-07,1.91
2017-06-08,6.78
2017-06-09,3.73
2017-06-10,9.29
2017-06-11,53.4
2017-06-12,100.02
2017-06-13,15.34
2017-06-14,8.34
2017-06-15,46.17
2017-06-16,18.38
2017-06-17,7.76
2017-06-18,12.75
2017-06-19,41.39
2017-06-20,53.24
2017-06-21,39.99
2017-06-22,13.9
2017-06-23,11.9
2017-06-24,7.24
2017-06-25,9.22
2017-06-26,14.33
2017-06-27,8.99
2017-06-28,7.86
2017-06-29,8.92
2017-06-30,34.12
2017-07-01,89.79
2017-07-02,41.76
2017-07-03,161.96
2017-07-04,105.82
2017-07-05,23.62
2017-07-06,19.56
2017-07-07,20.19
2017-07-08,5.49
2017-07-09,4.13
2017-07-10,17.72
2017-07-11,117.91
2017-07-12,116.01
2017-07-13,12.72
2017-07-14,17.05
2017-07-15,10.9
2017-07-16,11.57
2017-07-17,10.37
2017-07-18,19.41
2017-07-19,41.75
2017-07-20,129.43
2017-07-21,236.17
2017-07-22,69.5
2017-07-23,110.1
2017-07-24,240.99
2017-07-25,85.67
2017-07-26,31.21
2017-07-27,47.79
2017-07-28,61.04
2017-07-29,9.16
2017-07-30,3.5
2017-07-31,2.21
2017-08-01,3.98
2017-08-02,10.29
2017-08-03,65.35
2017-08-04,22.08
2017-08-05,33.26
2017-08-06,33.71
2017-08-07,45.57
2017-08-08,21.14
2017-08-09,65.36
2017-08-10,73.64
2017-08-11,64.24
2017-08-12,102.78
2017-08-13,51.74
2017-08-14,19.66
2017-08-15,29.23
2017-08-16,32.6
2017-08-17,15.93
2017-08-18,11.43
2017-08-19,9.86
2017-08-20,2.93
2017-08-21,7.75
2017-08-22,47.6
2017-08-23,17.55
2017-08-24,11.67
2017-08-25,14.75
2017-08-26,23.18
2017-08-27,49.46
2017-08-28,45.95
2017-08-29,21.86
2017-08-30,18.75
2017-08-31,41.12
2017-09-01,59.12
2017-09-02,48.72
2017-09-03,42.12
2017-09-04,2.99
2017-09-05,9.34
2017-09-06,12.75
2017-09-07,10.55
2017-09-08,21.58
2017-09-09,33.31
2017-09-10,80.67
2017-09-11,46.33
2017-09-12,37.68
2017-09-13,14.22
2017-09-14,4.58
2017-09-15,1.24
2017-09-16,12.41
2017-09-17,17.42
2017-09-18,23.38
2017-09-19,100.89
2017-09-20,58.91
2017-09-21,26.92
2017-09-22,9.83
2017-09-23,3.6
2017-09-24,1.93
2017-09-25,3.35
2017-09-26,6.1
2017-09-27,21.8
2017-09-28,20.31
2017-09-29,58.81
2017-09-30,24.44
2017-10-01,25.55
2017-10-02,16.59
2017-10-03,9.31
2017-10-04,2.63
2017-10-05,16.04
2017-10-06,8.89
2017-10-07,19.02
2017-10-08,98.42
2017-10-09,100.08
2017-10-10,18.61
2017-10-11,1.4
2017-10-12,0.39
2017-10-13,0.41
2017-10-14,0.24
2017-10-15,0.53
2017-10-16,0.02
2017-10-17,0.87
2017-10-18,27.44
2017-10-19,175.89
2017-10-20,74.13
2017-10-21,192.99
2017-10-22,2.42
2017-10-23,0.0
2017-10-24,1.11
2017-10-25,6.28
2017-10-26,0.75
2017-10-27,0.0
2017-10-28,0.01
2017-10-29,5.61
2017-10-30,13.9
2017-10-31,0.11
2017-11-01,0.19
2017-11-02,0.01
2017-11-03,0.02
2017-11-04,0.05
2017-11-05,0.64
2017-11-06,0.09
2017-11-07,0.0
2017-11-08,0.15
2017-11-09,0.0
2017-11-10,0.01
2017-11-11,0.0
2017-11-12,0.01
2017-11-13,0.01
2017-11-14,0.02
2017-11-15,17.79
2017-11-16,5.1
2017-11-17,2.14
2017-11-18,3.01
2017-11-19,1.06
2017-11-20,0.02
2017-11-21,0.02
2017-11-22,0.0
2017-11-23,0.0
2017-11-24,0.0
2017-11-25,0.0
2017-11-26,0.0
2017-11-27,0.0
2017-11-28,0.0
2017-11-29,0.0
2017-11-30,0.0
2017-12-01,0.0
2017-12-02,0.0
2017-12-03,0.0
2017-12-04,0.0
2017-12-05,0.0
2017-12-06,0.0
2017-12-07,0.0
2017-12-08,15.75
2017-12-09,59.64
2017-12-10,30.22
2017-12-11,5.47
2017-12-12,0.64
2017-12-13,0.01
2017-12-14,0.01
2017-12-15,0.0
2017-12-16,0.0
2017-12-17,0.0
2017-12-18,0.0
2017-12-19,0.0
2017-12-20,0.0
2017-12-21,0.01
2017-12-22,0.0
2017-12-23,0.0
2017-12-24,0.0
2017-12-25,0.0
2017-12-26,0.0
2017-12-27,0.01
2017-12-28,0.02
2017-12-29,0.04
2017-12-30,0.02
2017-12-31,0.01
2018-01-01,2.13
2018-01-02,1.41
2018-01-03,0.01
2018-01-04,0.01
2018-01-05,0.0
2018-01-06,0.0
2018-01-07,0.0
2018-01-08,0.0
2018-01-09,0.0
2018-01-10,0.0
2018-01-11,0.0
2018-01-12,0.0
2018-01-13,0.0
2018-01-14,0.0
2018-01-15,0.0
2018-01-16,0.0
2018-01-17,0.0
2018-01-18,0.0
2018-01-19,0.0
2018-01-20,0.0
2018-01-21,0.0
2018-01-22,0.0
2018-01-23,0.0
2018-01-24,0.0
2018-01-25,0.0
2018-01-26,0.0
2018-01-27,0.0
2018-01-28,0.0
2018-01-29,0.0
2018-01-30,0.0
2018-01-31,0.0
2018-02-01,0.0
2018-02-02,0.0
2018-02-03,0.0
2018-02-04,0.0
2018-02-05,0.0
2018-02-06,0.0
2018-02-07,0.0
2018-02-08,0.0
2018-02-09,0.0
2018-02-10,0.03
2018-02-11,0.0
2018-02-12,0.0
2018-02-13,0.0
2018-02-14,0.0
2018-02-15,0.0
2018-02-16,0.0
2018-02-17,0.0
2018-02-18,0.0
2018-02-19,0.0
2018-02-20,0.0
2018-02-21,0.0
2018-02-22,0.01
2018-02-23,0.0
2018-02-24,0.0
2018-02-25,0.01
2018-02-26,0.89
2018-02-27,0.08
2018-02-28,0.02
2018-03-01,0.08
2018-03-02,0.01
2018-03-03,0.0
2018-03-04,0.0
2018-03-05,0.01
2018-03-06,0.0
2018-03-07,0.0
2018-03-08,0.0
2018-03-09,0.0
2018-03-10,0.0
2018-03-11,0.0
2018-03-12,0.01
2018-03-13,0.05
2018-03-14,0.04
2018-03-15,0.06
2018-03-16,0.52
2018-03-17,0.27
2018-03-18,0.02
2018-03-19,0.01
2018-03-20,0.0
2018-03-21,0.0
2018-03-22,0.04
2018-03-23,0.37
2018-03-24,0.29
2018-03-25,0.13
2018-03-26,0.23
2018-03-27,0.77
2018-03-28,0.52
2018-03-29,0.44
2018-03-30,0.94
2018-03-31,3.6
2018-04-01,2.58
2018-04-02,1.14
2018-04-03,1.26
2018-04-04,0.52
2018-04-05,0.72
2018-04-06,6.34
2018-04-07,11.65
2018-04-08,11.83
2018-04-09,10.63
2018-04-10,6.76
2018-04-11,1.68
2018-04-12,2.77
2018-04-13,6.81
2018-04-14,5.44
2018-04-15,11.56
2018-04-16,7.32
2018-04-17,5.13
2018-04-18,16.21
2018-04-19,32.89
2018-04-20,14.08
2018-04-21,9.01
2018-04-22,5.4
2018-04-23,6.04
2018-04-24,3.22
2018-04-25,0.57
2018-04-26,7.96
2018-04-27,10.54
2018-04-28,7.96
2018-04-29,4.89
2018-04-30,20.45
2018-05-01,29.99
2018-05-02,3.83
2018-05-03,10.36
2018-05-04,4.57
2018-05-05,8.72
2018-05-06,2.74
2018-05-07,2.91
2018-05-08,7.22
2018-05-09,8.2
2018-05-10,11.3
2018-05-11,31.7
2018-05-12,17.26
2018-05-13,28.69
2018-05-14,14.84
2018-05-15,7.42
2018-05-16,34.53
2018-05-17,23.99
2018-05-18,22.03
2018-05-19,33.95
2018-05-20,11.76
2018-05-21,7.37
2018-05-22,5.49
2018-05-23,31.95
2018-05-24,17.97
2018-05-25,8.9
2018-05-26,5.57
2018-05-27,0.25
2018-05-28,0.32
2018-05-29,1.85
2018-05-30,3.71
2018-05-31,13.04
2018-06-01,21.81
2018-06-02,49.0
2018-06-03,26.68
2018-06-04,33.43
2018-06-05,38.1
2018-06-06,8.65
2018-06-07,16.15
2018-06-08,8.16
2018-06-09,36.0
2018-06-10,81.69
2018-06-11,127.34
2018-06-12,143.89
2018-06-13,123.22
2018-06-14,31.8
2018-06-15,9.8
2018-06-16,9.42
2018-06-17,12.42
2018-06-18,9.41
2018-06-19,21.27
2018-06-20,21.98
2018-06-21,22.67
2018-06-22,34.04
2018-06-23,62.17
2018-06-24,103.86
2018-06-25,41.34
2018-06-26,34.5
2018-06-27,16.69
2018-06-28,14.43
2018-06-29,5.8
2018-06-30,23.81
2018-07-01,10.17
2018-07-02,19.98
2018-07-03,116.24
2018-07-04,109.67
2018-07-05,44.71
2018-07-06,32.77
2018-07-07,5.7
2018-07-08,5.78
2018-07-09,11.57
2018-07-10,19.0
2018-07-11,11.77
2018-07-12,5.71
2018-07-13,6.13
2018-07-14,5.25
2018-07-15,17.42
2018-07-16,33.39
2018-07-17,29.66
2018-07-18,13.89
2018-07-19,3.94
2018-07-20,24.25
2018-07-21,40.14
2018-07-22,47.57
2018-07-23,28.95
2018-07-24,63.16
2018-07-25,74.48
2018-07-26,191.86
2018-07-27,110.66
2018-07-28,105.62
2018-07-29,184.95
2018-07-30,36.81
2018-07-31,61.58
2018-08-01,53.16
2018-08-02,25.72
2018-08-03,20.84
2018-08-04,8.81
2018-08-05,17.37
2018-08-06,36.45
2018-08-07,2.86
2018-08-08,4.68
2018-08-09,5.82
2018-08-10,2.71
2018-08-11,4.44
2018-08-12,2.44
2018-08-13,8.16
2018-08-14,10.26
2018-08-15,5.46
2018-08-16,6.31
2018-08-17,12.16
2018-08-18,4.31
2018-08-19,22.41
2018-08-20,39.6
2018-08-21,12.23
2018-08-22,17.96
2018-08-23,20.78
2018-08-24,19.05
2018-08-25,17.79
2018-08-26,12.56
2018-08-27,11.64
2018-08-28,14.23
2018-08-29,12.09
2018-08-30,18.81
2018-08-31,35.77
2018-09-01,35.65
2018-09-02,43.08
2018-09-03,9.3
2018-09-04,21.29
2018-09-05,17.49
2018-09-06,21.16
2018-09-07,12.8
2018-09-08,7.26
2018-09-09,4.28
2018-09-10,12.13
2018-09-11,23.21
2018-09-12,53.07
2018-09-13,14.14
2018-09-14,5.71
2018-09-15,2.75
2018-09-16,3.08
2018-09-17,1.75
2018-09-18,2.2
2018-09-19,3.31
2018-09-20,40.0
2018-09-21,15.63
2018-09-22,3.5
2018-09-23,0.65
2018-09-24,2.53
2018-09-25,19.78
2018-09-26,18.9
2018-09-27,22.03
2018-09-28,6.7
2018-09-29,5.03
2018-09-30,2.71
2018-10-01,1.94
2018-10-02,0.0
2018-10-03,0.07
2018-10-04,0.22
2018-10-05,0.04
2018-10-06,0.2
2018-10-07,0.15
2018-10-08,0.13
2018-10-09,15.43
2018-10-10,98.2
2018-10-11,117.62
2018-10-12,26.25
2018-10-13,5.8
2018-10-14,10.65
2018-10-15,0.33
2018-10-16,0.02
2018-10-17,0.0
2018-10-18,0.0
2018-10-19,0.06
2018-10-20,1.18
2018-10-21,3.4
2018-10-22,0.11
2018-10-23,0.03
2018-10-24,0.46
2018-10-25,0.01
2018-10-26,0.0
2018-10-27,0.01
2018-10-28,3.61
2018-10-29,7.88
2018-10-30,14.65
2018-10-31,5.5
2018-11-01,0.06
2018-11-02,1.78
2018-11-03,2.28
2018-11-04,0.81
2018-11-05,0.85
2018-11-06,1.5
2018-11-07,3.77
2018-11-08,0.01
2018-11-09,0.0
2018-11-10,0.0
2018-11-11,0.0
2018-11-12,0.0
2018-11-13,0.0
2018-11-14,0.0
2018-11-15,0.0
2018-11-16,0.0
2018-11-17,0.01
2018-11-18,0.04
2018-11-19,0.0
2018-11-20,0.0
2018-11-21,0.0
2018-11-22,0.0
2018-11-23,0.0
2018-11-24,0.0
2018-11-25,0.0
2018-11-26,0.0
2018-11-27,0.0
2018-11-28,0.0
2018-11-29,0.0
2018-11-30,0.0
2018-12-01,0.0
2018-12-02,0.0
2018-12-03,0.0
2018-12-04,0.0
2018-12-05,0.0
2018-12-06,0.0
2018-12-07,0.0
2018-12-08,0.0
2018-12-09,0.0
2018-12-10,0.0
2018-12-11,0.0
2018-12-12,0.0
2018-12-13,0.0
2018-12-14,0.0
2018-12-15,0.0
2018-12-16,0.59
2018-12-17,11.05
2018-12-18,10.78
2018-12-19,0.57
2018-12-20,0.01
2018-12-21,0.01
2018-12-22,0.0
2018-12-23,0.0
2018-12-24,0.0
2018-12-25,0.0
2018-12-26,0.0
2018-12-27,0.0
2018-12-28,0.0
2018-12-29,0.0
2018-12-30,0.0
2018-12-31,0.0
2019-01-01,0.0
2019-01-02,0.0
2019-01-03,0.0
2019-01-04,0.0
2019-01-05,0.0
2019-01-06,0.0
2019-01-07,0.0
2019-01-08,0.0
2019-01-09,0.0
2019-01-10,0.0
2019-01-11,0.0
2019-01-12,0.0
2019-01-13,0.0
2019-01-14,0.0
2019-01-15,0.0
2019-01-16,0.0
2019-01-17,0.0
2019-01-18,0.0
2019-01-19,0.0
2019-01-20,0.0
2019-01-21,0.0
2019-01-22,0.0
2019-01-23,0.0
2019-01-24,0.0
2019-01-25,0.0
2019-01-26,0.0
2019-01-27,0.0
2019-01-28,0.0
2019-01-29,0.0
2019-01-30,0.0
2019-01-31,0.0
2019-02-01,0.0
2019-02-02,0.0
2019-02-03,0.0
2019-02-04,0.0
2019-02-05,0.0
2019-02-06,0.0
2019-02-07,0.0
2019-02-08,0.0
2019-02-09,0.02
2019-02-10,0.05
2019-02-11,0.0
2019-02-12,0.0
2019-02-13,0.0
2019-02-14,0.0
2019-02-15,0.0
2019-02-16,0.0
2019-02-17,4.07
2019-02-18,0.82
2019-02-19,0.75
2019-02-20,0.04
2019-02-21,0.39
2019-02-22,0.49
2019-02-23,0.78
2019-02-24,2.99
2019-02-25,57.94
2019-02-26,67.57
2019-02-27,16.11
2019-02-28,64.77
2019-03-01,0.48
2019-03-02,0.0
2019-03-03,0.0
2019-03-04,2.29
2019-03-05,17.66
2019-03-06,2.51
2019-03-07,0.26
2019-03-08,0.0
2019-03-09,0.0
2019-03-10,0.0
2019-03-11,0.0
2019-03-12,0.65
2019-03-13,0.22
2019-03-14,0.24
2019-03-15,0.68
2019-03-16,2.42
2019-03-17,6.15
2019-03-18,9.34
2019-03-19,2.29
2019-03-20,20.74
2019-03-21,2.99
2019-03-22,6.64
2019-03-23,4.13
2019-03-24,0.16
2019-03-25,0.01
2019-03-26,0.04
2019-03-27,0.57
2019-03-28,0.22
2019-03-29,0.04
2019-03-30,5.01
2019-03-31,18.51
2019-04-01,15.12
2019-04-02,1.95
2019-04-03,1.17
2019-04-04,0.56
2019-04-05,2.46
2019-04-06,10.18
2019-04-07,22.23
2019-04-08,12.73
2019-04-09,19.78
2019-04-10,18.78
2019-04-11,1.05
2019-04-12,0.01
2019-04-13,0.02
2019-04-14,0.02
2019-04-15,0.07
2019-04-16,1.1
2019-04-17,1.09
2019-04-18,0.18
2019-04-19,0.29
2019-04-20,0.21
2019-04-21,0.83
2019-04-22,8.27
2019-04-23,0.08
2019-04-24,0.23
2019-04-25,0.11
2019-04-26,0.07
2019-04-27,0.89
2019-04-28,0.59
2019-04-29,0.12
2019-04-30,0.38
2019-05-01,2.4
2019-05-02,5.99
2019-05-03,37.71
2019-05-04,39.01
2019-05-05,3.69
2019-05-06,0.96
2019-05-07,0.36
2019-05-08,1.14
2019-05-09,0.2
2019-05-10,0.9
2019-05-11,1.72
2019-05-12,1.65
2019-05-13,3.58
2019-05-14,10.47
2019-05-15,4.96
2019-05-16,2.18
2019-05-17,4.63
2019-05-18,5.76
2019-05-19,9.89
2019-05-20,3.27
2019-05-21,4.59
2019-05-22,8.79
2019-05-23,51.96
2019-05-24,55.74
2019-05-25,27.25
2019-05-26,55.8
2019-05-27,2.84
2019-05-28,0.35
2019-05-29,0.66
2019-05-30,1.84
2019-05-31,14.07
2019-06-01,29.93
2019-06-02,9.65
2019-06-03,23.66
2019-06-04,34.89
2019-06-05,59.92
2019-06-06,125.46
2019-06-07,87.6
2019-06-08,16.43
2019-06-09,10.09
2019-06-10,2.94
2019-06-11,0.16
2019-06-12,0.55
2019-06-13,2.43
2019-06-14,2.6
2019-06-15,6.23
2019-06-16,4.48
2019-06-17,18.94
2019-06-18,12.61
2019-06-19,7.47
2019-06-20,5.85
2019-06-21,8.95
2019-06-22,16.01
2019-06-23,1.49
2019-06-24,1.55
2019-06-25,10.16
2019-06-26,2.65
2019-06-27,4.15
2019-06-28,21.22
2019-06-29,40.29
2019-06-30,40.94
2019-07-01,19.58
2019-07-02,22.92
2019-07-03,12.87
2019-07-04,44.76
2019-07-05,91.03
2019-07-06,76.24
2019-07-07,151.54
2019-07-08,146.15
2019-07-09,117.38
2019-07-10,94.64
2019-07-11,189.74
2019-07-12,35.52
2019-07-13,64.78
2019-07-14,34.47
2019-07-15,22.97
2019-07-16,5.35
2019-07-17,0.89
2019-07-18,8.11
2019-07-19,16.85
2019-07-20,1.84
2019-07-21,3.96
2019-07-22,29.11
2019-07-23,9.51
2019-07-24,21.46
2019-07-25,44.77
2019-07-26,79.33
2019-07-27,43.08
2019-07-28,15.63
2019-07-29,22.16
2019-07-30,18.21
2019-07-31,37.5
2019-08-01,25.24
2019-08-02,8.03
2019-08-03,17.98
2019-08-04,20.96
2019-08-05,13.91
2019-08-06,18.63
2019-08-07,54.58
2019-08-08,40.8
2019-08-09,38.92
2019-08-10,45.36
2019-08-11,43.03
2019-08-12,102.34
2019-08-13,57.74
2019-08-14,56.17
2019-08-15,49.23
2019-08-16,20.48
2019-08-17,303.64
2019-08-18,58.63
2019-08-19,7.75
2019-08-20,11.98
2019-08-21,10.03
2019-08-22,17.07
2019-08-23,10.78
2019-08-24,20.36
2019-08-25,34.05
2019-08-26,18.84
2019-08-27,4.73
2019-08-28,5.73
2019-08-29,3.81
2019-08-30,1.83
2019-08-31,10.04
2019-09-01,24.7
2019-09-02,9.88
2019-09-03,23.28
2019-09-04,23.82
2019-09-05,12.2
2019-09-06,19.71
2019-09-07,33.4
2019-09-08,43.18
2019-09-09,40.1
2019-09-10,44.81
2019-09-11,182.08
2019-09-12,59.83
2019-09-13,24.43
2019-09-14,10.39
2019-09-15,3.35
2019-09-16,2.16
2019-09-17,1.13
2019-09-18,4.49
2019-09-19,2.45
2019-09-20,9.8
2019-09-21,17.1
2019-09-22,9.41
2019-09-23,19.06
2019-09-24,37.54
2019-09-25,16.8
2019-09-26,16.1
2019-09-27,8.71
2019-09-28,6.77
2019-09-29,32.58
2019-09-30,19.95
2019-10-01,46.14
2019-10-02,61.19
2019-10-03,36.92
2019-10-04,3.12
2019-10-05,5.84
2019-10-06,6.0
2019-10-07,4.78
2019-10-08,30.4
2019-10-09,84.97
2019-10-10,70.59
2019-10-11,22.38
2019-10-12,3.38
2019-10-13,0.04
2019-10-14,0.11
2019-10-15,0.7
2019-10-16,4.66
2019-10-17,1.28
2019-10-18,1.77
2019-10-19,0.48
2019-10-20,0.18
2019-10-21,0.91
2019-10-22,0.38
2019-10-23,32.34
2019-10-24,10.62
2019-10-25,56.12
2019-10-26,80.63
2019-10-27,16.99
2019-10-28,2.03
2019-10-29,0.0
2019-10-30,0.0
2019-10-31,0.0
2019-11-01,0.0
2019-11-02,0.0
2019-11-03,0.0
2019-11-04,0.0
2019-11-05,0.0
2019-11-06,0.0
2019-11-07,5.72
2019-11-08,78.4
2019-11-09,152.66
2019-11-10,210.59
2019-11-11,6.18
2019-11-12,0.86
2019-11-13,0.0
2019-11-14,0.02
2019-11-15,0.03
2019-11-16,0.05
2019-11-17,0.02
2019-11-18,0.0
2019-11-19,0.0
2019-11-20,0.0
2019-11-21,0.0
2019-11-22,0.0
2019-11-23,0.0
2019-11-24,0.0
2019-11-25,0.0
2019-11-26,0.0
2019-11-27,0.0
2019-11-28,0.0
2019-11-29,0.0
2019-11-30,0.0
2019-12-01,0.0
2019-12-02,0.0
2019-12-03,0.0
2019-12-04,0.0
2019-12-05,0.0
2019-12-06,0.0
2019-12-07,0.0
2019-12-08,0.0
2019-12-09,0.01
2019-12-10,0.01
2019-12-11,0.0
2019-12-12,0.0
2019-12-13,0.0
2019-12-14,0.0
2019-12-15,0.0
2019-12-16,0.0
2019-12-17,0.0
2019-12-18,0.0
2019-12-19,0.0
2019-12-20,0.0
2019-12-21,0.0
2019-12-22,0.05
2019-12-23,0.11
2019-12-24,0.54
2019-12-25,0.04
2019-12-26,0.62
2019-12-27,29.16
2019-12-28,0.31
2019-12-29,0.01
2019-12-30,0.05
2019-12-31,0.04
2020-01-01,0.02
2020-01-02,0.1
2020-01-03,58.61
2020-01-04,27.64
2020-01-05,1.5
2020-01-06,0.24
2020-01-07,0.04
2020-01-08,0.0
2020-01-09,0.76
2020-01-10,0.76
2020-01-11,0.45
2020-01-12,0.0
2020-01-13,0.0
2020-01-14,0.0
2020-01-15,0.0
2020-01-16,0.0
2020-01-17,0.0
2020-01-18,0.0
2020-01-19,0.0
2020-01-20,0.0
2020-01-21,0.0
2020-01-22,0.0
2020-01-23,0.0
2020-01-24,0.0
2020-01-25,0.0
2020-01-26,0.0
2020-01-27,0.0
2020-01-28,0.0
2020-01-29,1.24
2020-01-30,1.74
2020-01-31,0.01
2020-02-01,0.0
2020-02-02,0.0
2020-02-03,0.0
2020-02-04,0.0
2020-02-05,0.0
2020-02-06,0.07
2020-02-07,0.07
2020-02-08,0.29
2020-02-09,0.07
2020-02-10,0.49
2020-02-11,0.0
2020-02-12,0.0
2020-02-13,0.0
2020-02-14,0.0
2020-02-15,0.0
2020-02-16,0.0
2020-02-17,0.0
2020-02-18,0.0
2020-02-19,0.0
2020-02-20,0.0
2020-02-21,0.0
2020-02-22,0.0
2020-02-23,0.0
2020-02-24,0.03
2020-02-25,0.62
2020-02-26,10.29
2020-02-27,0.24
2020-02-28,0.04
2020-02-29,0.0
2020-03-01,0.0
2020-03-02,0.04
2020-03-03,1.61
2020-03-04,3.82
2020-03-05,2.58
2020-03-06,3.81
2020-03-07,1.23
2020-03-08,9.69
2020-03-09,0.0
2020-03-10,0.0
2020-03-11,0.0
2020-03-12,0.01
2020-03-13,0.0
2020-03-14,0.0
2020-03-15,0.0
2020-03-16,0.0
2020-03-17,0.0
2020-03-18,0.01
2020-03-19,0.01
2020-03-20,0.1
2020-03-21,0.67
2020-03-22,6.41
2020-03-23,0.88
2020-03-24,5.29
2020-03-25,4.72
2020-03-26,16.09
2020-03-27,0.01
2020-03-28,0.0
2020-03-29,0.0
2020-03-30,0.0
2020-03-31,0.0
2020-04-01,0.01
2020-04-02,1.52
2020-04-03,5.35
2020-04-04,5.69
2020-04-05,7.46
2020-04-06,5.55
2020-04-07,0.09
2020-04-08,0.14
2020-04-09,0.14
2020-04-10,0.03
2020-04-11,0.11
2020-04-12,0.17
2020-04-13,0.25
2020-04-14,0.12
2020-04-15,0.24
2020-04-16,2.69
2020-04-17,5.4
2020-04-18,29.92
2020-04-19,23.51
2020-04-20,12.89
2020-04-21,13.68
2020-04-22,0.34
2020-04-23,12.79
2020-04-24,31.29
2020-04-25,33.34
2020-04-26,29.27
2020-04-27,21.85
2020-04-28,15.82
2020-04-29,18.33
2020-04-30,11.78
2020-05-01,21.25
2020-05-02,16.95
2020-05-03,22.42
2020-05-04,5.11
2020-05-05,13.75
2020-05-06,16.56
2020-05-07,6.57
2020-05-08,3.73
2020-05-09,11.95
2020-05-10,1.58
2020-05-11,1.02
2020-05-12,1.66
2020-05-13,0.25
2020-05-14,0.18
2020-05-15,0.46
2020-05-16,0.9
2020-05-17,0.16
2020-05-18,0.02
2020-05-19,24.8
2020-05-20,63.14
2020-05-21,18.49
2020-05-22,11.87
2020-05-23,9.73
2020-05-24,8.45
2020-05-25,4.38
2020-05-26,71.88
2020-05-27,42.66
2020-05-28,34.79
2020-05-29,15.5
2020-05-30,19.26
2020-05-31,26.59
2020-06-01,3.44
2020-06-02,22.26
2020-06-03,32.26
2020-06-04,33.77
2020-06-05,8.25
2020-06-06,10.3
2020-06-07,15.16
2020-06-08,14.28
2020-06-09,11.98
2020-06-10,9.41
2020-06-11,42.5
2020-06-12,20.48
2020-06-13,22.23
2020-06-14,18.76
2020-06-15,28.87
2020-06-16,70.44
2020-06-17,198.86
2020-06-18,60.85
2020-06-19,22.69
2020-06-20,15.86
2020-06-21,10.41
2020-06-22,9.32
2020-06-23,8.05
2020-06-24,4.42
2020-06-25,5.67
2020-06-26,6.7
2020-06-27,18.6
2020-06-28,22.45
2020-06-29,30.09
2020-06-30,14.7
2020-07-01,1.94
2020-07-02,5.37
2020-07-03,14.68
2020-07-04,25.43
2020-07-05,42.93
2020-07-06,32.09
2020-07-07,44.09
2020-07-08,18.92
2020-07-09,16.25
2020-07-10,21.82
2020-07-11,40.94
2020-07-12,42.24
2020-07-13,26.84
2020-07-14,8.97
2020-07-15,13.02
2020-07-16,6.03
2020-07-17,10.86
2020-07-18,11.9
2020-07-19,11.84
2020-07-20,16.76
2020-07-21,38.7
2020-07-22,46.37
2020-07-23,22.64
2020-07-24,16.97
2020-07-25,2.78
2020-07-26,1.93
2020-07-27,15.15
2020-07-28,22.91
2020-07-29,10.08
2020-07-30,6.33
2020-07-31,10.93
2020-08-01,3.77
2020-08-02,13.36
2020-08-03,17.18
2020-08-04,65.57
2020-08-05,16.04
2020-08-06,23.14
2020-08-07,14.85
2020-08-08,12.13
2020-08-09,6.04
2020-08-10,7.32
2020-08-11,23.75
2020-08-12,10.1
2020-08-13,3.48
2020-08-14,10.33
2020-08-15,41.19
2020-08-16,23.91
2020-08-17,34.54
2020-08-18,62.98
2020-08-19,60.52
2020-08-20,34.4
2020-08-21,30.19
2020-08-22,24.68
2020-08-23,21.27
2020-08-24,32.2
2020-08-25,73.58
2020-08-26,12.88
2020-08-27,13.48
2020-08-28,4.76
2020-08-29,3.87
2020-08-30,0.89
2020-08-31,6.77
2020-09-01,23.21
2020-09-02,7.35
2020-09-03,13.69
2020-09-04,2.35
2020-09-05,0.51
2020-09-06,2.19
2020-09-07,5.35
2020-09-08,3.94
2020-09-09,8.33
2020-09-10,27.37
2020-09-11,10.61
2020-09-12,9.6
2020-09-13,21.89
2020-09-14,13.65
2020-09-15,16.77
2020-09-16,10.6
2020-09-17,13.14
2020-09-18,3.19
2020-09-19,9.76
2020-09-20,52.56
2020-09-21,53.34
2020-09-22,23.59
2020-09-23,41.38
2020-09-24,32.82
2020-09-25,47.45
2020-09-26,31.1
2020-09-27,17.12
2020-09-28,2.41
2020-09-29,1.45
2020-09-30,16.83
2020-10-01,16.64
2020-10-02,10.49
2020-10-03,11.08
2020-10-04,14.82
2020-10-05,32.7
2020-10-06,51.86
2020-10-07,12.14
2020-10-08,3.9
2020-10-09,2.21
2020-10-10,2.89
2020-10-11,4.97
2020-10-12,2.9
2020-10-13,11.34
2020-10-14,12.72
2020-10-15,8.15
2020-10-16,1.02
2020-10-17,3.26
2020-10-18,5.54
2020-10-19,5.44
2020-10-20,14.22
2020-10-21,52.5
2020-10-22,153.16
2020-10-23,100.66
2020-10-24,3.98
2020-10-25,5.6
2020-10-26,1.33
2020-10-27,1.26
2020-10-28,0.18
2020-10-29,0.24
2020-10-30,11.94
2020-10-31,122.95
2020-11-01,54.95
2020-11-02,30.81
2020-11-03,21.74
2020-11-04,12.38
2020-11-05,0.05
2020-11-06,0.0
2020-11-07,0.0
2020-11-08,0.0
2020-11-09,0.0
2020-11-10,0.0
2020-11-11,0.0
2020-11-12,0.0
2020-11-13,0.0
2020-11-14,0.0
2020-11-15,0.0
2020-11-16,0.0
2020-11-17,0.07
2020-11-18,0.22
2020-11-19,0.02
2020-11-20,0.28
2020-11-21,12.78
2020-11-22,7.73
2020-11-23,0.02
2020-11-24,0.0
2020-11-25,0.0
2020-11-26,0.0
2020-11-27,0.0
2020-11-28,0.0
2020-11-29,0.0
2020-11-30,0.0
2020-12-01,0.0
2020-12-02,0.0
2020-12-03,0.0
2020-12-04,0.0
2020-12-05,0.0
2020-12-06,0.0
2020-12-07,0.0
2020-12-08,0.0
2020-12-09,0.0
2020-12-10,0.0
2020-12-11,0.0
2020-12-12,0.0
2020-12-13,0.0
2020-12-14,0.0
2020-12-15,0.0
2020-12-16,0.0
2020-12-17,0.0
2020-12-18,0.0
2020-12-19,0.0
2020-12-20,0.0
2020-12-21,0.0
2020-12-22,0.0
2020-12-23,0.01
2020-12-24,0.0
2020-12-25,0.0
2020-12-26,0.0
2020-12-27,0.0
2020-12-28,0.0
2020-12-29,0.0
2020-12-30,0.0
2020-12-31,0.0
2021-01-01,0.0
2021-01-02,0.0
2021-01-03,0.0
2021-01-04,0.0
2021-01-05,0.06
2021-01-06,0.0
2021-01-07,0.0
2021-01-08,0.03
2021-01-09,0.0
2021-01-10,0.0
2021-01-11,0.0
2021-01-12,0.01
2021-01-13,0.01
2021-01-14,0.06
2021-01-15,0.29
2021-01-16,0.0
2021-01-17,0.0
2021-01-18,0.0
2021-01-19,0.0
2021-01-20,0.41
2021-01-21,1.23
2021-01-22,0.81
2021-01-23,0.0
2021-01-24,0.0
2021-01-25,0.0
2021-01-26,0.0
2021-01-27,0.0
2021-01-28,0.0
2021-01-29,0.0
2021-01-30,0.0
2021-01-31,0.0
2021-02-01,0.0
2021-02-02,0.0
2021-02-03,0.0
2021-02-04,0.0
2021-02-05,0.0
2021-02-06,0.0
2021-02-07,0.88
2021-02-08,0.0
2021-02-09,0.0
2021-02-10,0.0
2021-02-11,0.0
2021-02-12,0.0
2021-02-13,0.0
2021-02-14,0.0
2021-02-15,0.0
2021-02-16,0.0
2021-02-17,0.0
2021-02-18,0.0
2021-02-19,0.0
2021-02-20,0.0
2021-02-21,0.0
2021-02-22,0.0
2021-02-23,0.0
2021-02-24,0.0
2021-02-25,0.0
2021-02-26,0.0
2021-02-27,0.0
2021-02-28,0.0
2021-03-01,0.0
2021-03-02,0.0
2021-03-03,0.0
2021-03-04,0.0
2021-03-05,0.0
2021-03-06,0.0
2021-03-07,1.45
2021-03-08,2.09
2021-03-09,0.74
2021-03-10,1.76
2021-03-11,3.94
2021-03-12,2.18
2021-03-13,0.0
2021-03-14,0.03
2021-03-15,0.01
2021-03-16,0.0
2021-03-17,0.0
2021-03-18,0.0
2021-03-19,0.0
2021-03-20,0.0
2021-03-21,0.0
2021-03-22,0.0
2021-03-23,0.0
2021-03-24,0.0
2021-03-25,0.0
2021-03-26,0.0
2021-03-27,0.0
2021-03-28,0.0
2021-03-29,0.0
2021-03-30,0.0
2021-03-31,0.0
2021-04-01,2.05
2021-04-02,2.93
2021-04-03,0.17
2021-04-04,0.6
2021-04-05,0.85
2021-04-06,0.2
2021-04-07,0.0
2021-04-08,0.03
2021-04-09,0.03
2021-04-10,0.05
2021-04-11,0.0
2021-04-12,0.0
2021-04-13,0.0
2021-04-14,0.0
2021-04-15,0.0
2021-04-16,0.95
2021-04-17,1.35
2021-04-18,2.05
2021-04-19,5.3
2021-04-20,3.2
2021-04-21,0.61
2021-04-22,0.06
2021-04-23,0.09
2021-04-24,0.0
2021-04-25,0.01
2021-04-26,0.13
2021-04-27,0.22
2021-04-28,0.46
2021-04-29,0.33
2021-04-30,0.4
2021-05-01,0.94
2021-05-02,1.43
2021-05-03,4.69
2021-05-04,8.64
2021-05-05,2.41
2021-05-06,4.52
2021-05-07,12.55
2021-05-08,9.7
2021-05-09,10.0
2021-05-10,10.64
2021-05-11,12.46
2021-05-12,16.12
2021-05-13,8.06
2021-05-14,4.18
2021-05-15,8.0
2021-05-16,3.66
2021-05-17,0.25
2021-05-18,0.41
2021-05-19,0.6
2021-05-20,0.96
2021-05-21,1.14
2021-05-22,0.05
2021-05-23,2.27
2021-05-24,30.16
2021-05-25,17.13
2021-05-26,12.42
2021-05-27,14.83
2021-05-28,4.58
2021-05-29,2.04
2021-05-30,2.38
2021-05-31,21.13
2021-06-01,14.69
2021-06-02,17.28
2021-06-03,31.21
2021-06-04,15.89
2021-06-05,12.07
2021-06-06,17.78
2021-06-07,33.99
2021-06-08,28.38
2021-06-09,11.89
2021-06-10,12.11
2021-06-11,20.04
2021-06-12,26.32
2021-06-13,6.01
2021-06-14,10.05
2021-06-15,94.41
2021-06-16,28.25
2021-06-17,49.31
2021-06-18,34.08
2021-06-19,111.08
2021-06-20,47.59
2021-06-21,74.9
2021-06-22,5.49
2021-06-23,16.47
2021-06-24,12.39
2021-06-25,10.69
2021-06-26,9.32
2021-06-27,9.11
2021-06-28,14.17
2021-06-29,22.58
2021-06-30,57.31
2021-07-01,52.81
2021-07-02,85.36
2021-07-03,19.18
2021-07-04,7.38
2021-07-05,14.98
2021-07-06,18.84
2021-07-07,35.37
2021-07-08,22.31
2021-07-09,11.48
2021-07-10,7.44
2021-07-11,2.12
2021-07-12,5.17
2021-07-13,5.42
2021-07-14,6.95
2021-07-15,3.22
2021-07-16,3.49
2021-07-17,5.62
2021-07-18,9.86
2021-07-19,39.25
2021-07-20,12.08
2021-07-21,5.99
2021-07-22,6.87
2021-07-23,66.07
2021-07-24,23.44
2021-07-25,13.18
2021-07-26,47.24
2021-07-27,75.16
2021-07-28,243.92
2021-07-29,63.37
2021-07-30,12.92
2021-07-31,13.72
2021-08-01,31.33
2021-08-02,15.54
2021-08-03,19.49
2021-08-04,31.92
2021-08-05,13.76
2021-08-06,18.05
2021-08-07,45.84
2021-08-08,25.63
2021-08-09,16.25
2021-08-10,12.93
2021-08-11,12.69
2021-08-12,22.52
2021-08-13,29.46
2021-08-14,23.31
2021-08-15,16.71
2021-08-16,11.62
2021-08-17,30.69
2021-08-18,29.43
2021-08-19,25.11
2021-08-20,17.09
2021-08-21,10.66
2021-08-22,6.83
2021-08-23,3.7
2021-08-24,6.2
2021-08-25,25.09
2021-08-26,20.72
2021-08-27,50.61
2021-08-28,8.59
2021-08-29,9.26
2021-08-30,9.03
2021-08-31,9.09
2021-09-01,3.56
2021-09-02,21.11
2021-09-03,14.33
2021-09-04,8.87
2021-09-05,5.34
2021-09-06,8.31
2021-09-07,15.89
2021-09-08,11.8
2021-09-09,2.91
2021-09-10,10.27
2021-09-11,6.15
2021-09-12,9.69
2021-09-13,28.54
2021-09-14,25.02
2021-09-15,14.78
2021-09-16,5.53
2021-09-17,10.86
2021-09-18,24.54
2021-09-19,35.23
2021-09-20,81.94
2021-09-21,6.03
2021-09-22,21.95
2021-09-23,6.84
2021-09-24,2.08
2021-09-25,11.19
2021-09-26,7.06
2021-09-27,9.64
2021-09-28,54.91
2021-09-29,48.34
2021-09-30,6.92
2021-10-01,1.09
2021-10-02,0.58
2021-10-03,4.74
2021-10-04,7.83
2021-10-05,10.79
2021-10-06,4.78
2021-10-07,1.32
2021-10-08,6.99
2021-10-09,16.94
2021-10-10,4.36
2021-10-11,1.95
2021-10-12,7.11
2021-10-13,12.06
2021-10-14,5.15
2021-10-15,10.06
2021-10-16,29.93
2021-10-17,42.57
2021-10-18,63.34
2021-10-19,45.59
2021-10-20,15.49
2021-10-21,10.89
2021-10-22,2.28
2021-10-23,0.41
2021-10-24,0.16
2021-10-25,0.03
2021-10-26,1.55
2021-10-27,3.19
2021-10-28,4.17
2021-10-29,0.09
2021-10-30,0.05
2021-10-31,0.0
2021-11-01,0.0
2021-11-02,0.0
2021-11-03,0.0
2021-11-04,0.0
2021-11-05,0.0
2021-11-06,0.0
2021-11-07,0.0
2021-11-08,0.0
2021-11-09,0.0
2021-11-10,0.0
2021-11-11,0.0
2021-11-12,0.17
2021-11-13,0.47
2021-11-14,0.62
2021-11-15,0.9
2021-11-16,0.89
2021-11-17,0.41
2021-11-18,0.0
2021-11-19,0.0
2021-11-20,0.0
2021-11-21,0.0
2021-11-22,0.0
2021-11-23,0.0
2021-11-24,0.0
2021-11-25,0.0
2021-11-26,0.0
2021-11-27,0.0
2021-11-28,0.0
2021-11-29,0.0
2021-11-30,0.0
2021-12-01,0.0
2021-12-02,0.0
2021-12-03,1.2
2021-12-04,36.98
2021-12-05,54.05
2021-12-06,33.96
2021-12-07,18.34
2021-12-08,6.61
2021-12-09,1.08
2021-12-10,0.46
2021-12-11,1.19
2021-12-12,0.01
2021-12-13,0.0
2021-12-14,0.0
2021-12-15,0.0
2021-12-16,0.0
2021-12-17,0.0
2021-12-18,0.0
2021-12-19,0.0
2021-12-20,0.0
2021-12-21,0.0
2021-12-22,0.0
2021-12-23,0.0
2021-12-24,0.0
2021-12-25,0.0
2021-12-26,0.0
2021-12-27,0.0
2021-12-28,0.0
2021-12-29,0.0
2021-12-30,0.0
2021-12-31,0.0
2022-01-01,0.0
2022-01-02,0.0
2022-01-03,0.0
2022-01-04,0.0
2022-01-05,0.0
2022-01-06,0.0
2022-01-07,0.0
2022-01-08,0.0
2022-01-09,0.0
2022-01-10,0.0
2022-01-11,0.03
2022-01-12,1.08
2022-01-13,0.74
2022-01-14,3.16
2022-01-15,1.14
2022-01-16,0.02
2022-01-17,0.0
2022-01-18,0.0
2022-01-19,0.0
2022-01-20,0.0
2022-01-21,0.09
2022-01-22,0.18
2022-01-23,0.01
2022-01-24,4.17
2022-01-25,2.76
2022-01-26,0.44
2022-01-27,0.59
2022-01-28,1.11
2022-01-29,0.0
2022-01-30,0.0
2022-01-31,0.0
2022-02-01,0.24
2022-02-02,0.57
2022-02-03,0.12
2022-02-04,4.02
2022-02-05,35.0
2022-02-06,22.41
2022-02-07,0.0
2022-02-08,0.0
2022-02-09,0.0
2022-02-10,0.0
2022-02-11,0.05
2022-02-12,0.0
2022-02-13,0.0
2022-02-14,0.0
2022-02-15,0.0
2022-02-16,0.0
2022-02-17,0.0
2022-02-18,0.0
2022-02-19,0.0
2022-02-20,4.47
2022-02-21,8.58
2022-02-22,0.62
2022-02-23,0.01
2022-02-24,0.07
2022-02-25,0.58
2022-02-26,0.03
2022-02-27,0.07
2022-02-28,4.62
2022-03-01,1.34
2022-03-02,0.01
2022-03-03,0.0
2022-03-04,0.0
2022-03-05,0.0
2022-03-06,0.0
2022-03-07,0.0
2022-03-08,0.0
2022-03-09,0.0
2022-03-10,0.0
2022-03-11,0.0
2022-03-12,0.0
2022-03-13,0.0
2022-03-14,0.0
2022-03-15,0.0
2022-03-16,0.0
2022-03-17,0.0
2022-03-18,0.0
2022-03-19,0.0
2022-03-20,0.0
2022-03-21,0.0
2022-03-22,0.0
2022-03-23,0.0
2022-03-24,0.01
2022-03-25,0.03
2022-03-26,0.13
2022-03-27,0.42
2022-03-28,0.07
2022-03-29,0.06
2022-03-30,0.11
2022-03-31,0.06
2022-04-01,0.05
2022-04-02,0.02
2022-04-03,0.01
2022-04-04,0.01
2022-04-05,0.02
2022-04-06,0.13
2022-04-07,0.0
2022-04-08,0.0
2022-04-09,0.0
2022-04-10,0.0
2022-04-11,0.02
2022-04-12,0.02
2022-04-13,0.01
2022-04-14,0.03
2022-04-15,0.06
2022-04-16,1.57
2022-04-17,1.68
2022-04-18,1.6
2022-04-19,1.05
2022-04-20,2.42
2022-04-21,3.7
2022-04-22,4.1
2022-04-23,7.88
2022-04-24,3.77
2022-04-25,3.72
2022-04-26,1.65
2022-04-27,1.32
2022-04-28,0.75
2022-04-29,1.28
2022-04-30,2.28
2022-05-01,4.43
2022-05-02,9.08
2022-05-03,8.78
2022-05-04,14.34
2022-05-05,9.74
2022-05-06,12.09
2022-05-07,0.74
2022-05-08,5.84
2022-05-09,62.09
2022-05-10,31.87
2022-05-11,20.05
2022-05-12,7.67
2022-05-13,6.86
2022-05-14,2.44
2022-05-15,4.04
2022-05-16,4.43
2022-05-17,5.42
2022-05-18,12.66
2022-05-19,4.45
2022-05-20,7.23
2022-05-21,28.53
2022-05-22,25.44
2022-05-23,4.38
2022-05-24,4.27
2022-05-25,14.48
2022-05-26,14.38
2022-05-27,10.08
2022-05-28,11.54
2022-05-29,19.88
2022-05-30,15.5
2022-05-31,12.31
2022-06-01,19.96
2022-06-02,4.85
2022-06-03,13.94
2022-06-04,14.66
2022-06-05,3.26
2022-06-06,2.88
2022-06-07,1.59
2022-06-08,4.24
2022-06-09,13.19
2022-06-10,9.98
2022-06-11,7.62
2022-06-12,4.39
2022-06-13,7.74
2022-06-14,7.84
2022-06-15,16.81
2022-06-16,25.15
2022-06-17,24.11
2022-06-18,47.65
2022-06-19,45.05
2022-06-20,32.54
2022-06-21,29.49
2022-06-22,29.55
2022-06-23,4.11
2022-06-24,5.01
2022-06-25,12.73
2022-06-26,7.55
2022-06-27,4.5
2022-06-28,11.92
2022-06-29,17.65
2022-06-30,8.75
2022-07-01,44.51
2022-07-02,41.43
2022-07-03,5.07
2022-07-04,7.87
2022-07-05,4.75
2022-07-06,11.85
2022-07-07,6.83
2022-07-08,7.09
2022-07-09,4.03
2022-07-10,7.18
2022-07-11,10.2
2022-07-12,6.65
2022-07-13,6.32
2022-07-14,2.8
2022-07-15,3.39
2022-07-16,5.12
2022-07-17,9.24
2022-07-18,3.82
2022-07-19,7.28
2022-07-20,14.44
2022-07-21,10.23
2022-07-22,5.51
2022-07-23,7.46
2022-07-24,26.1
2022-07-25,18.22
2022-07-26,3.94
2022-07-27,2.6
2022-07-28,3.12
2022-07-29,3.19
2022-07-30,9.21
2022-07-31,12.74
2022-08-01,6.37
2022-08-02,12.06
2022-08-03,29.26
2022-08-04,7.92
2022-08-05,4.41
2022-08-06,6.08
2022-08-07,14.12
2022-08-08,21.07
2022-08-09,39.89
2022-08-10,38.94
2022-08-11,39.35
2022-08-12,10.48
2022-08-13,13.23
2022-08-14,35.8
2022-08-15,10.99
2022-08-16,5.17
2022-08-17,3.98
2022-08-18,12.5
2022-08-19,28.42
2022-08-20,7.61
2022-08-21,3.46
2022-08-22,8.36
2022-08-23,37.1
2022-08-24,21.95
2022-08-25,3.57
2022-08-26,0.74
2022-08-27,4.53
2022-08-28,8.56
2022-08-29,2.15
2022-08-30,2.15
2022-08-31,3.51
2022-09-01,8.03
2022-09-02,17.64
2022-09-03,3.37
2022-09-04,10.44
2022-09-05,16.47
2022-09-06,11.97
2022-09-07,10.31
2022-09-08,16.06
2022-09-09,15.2
2022-09-10,17.56
2022-09-11,55.9
2022-09-12,87.15
2022-09-13,50.62
2022-09-14,55.86
2022-09-15,22.83
2022-09-16,16.1
2022-09-17,8.46
2022-09-18,4.45
2022-09-19,9.45
2022-09-20,8.33
2022-09-21,8.29
2022-09-22,8.5
2022-09-23,1.14
2022-09-24,1.56
2022-09-25,2.53
2022-09-26,2.92
2022-09-27,6.39
2022-09-28,4.68
2022-09-29,0.66
2022-09-30,0.95
2022-10-01,4.24
2022-10-02,44.1
2022-10-03,27.63
2022-10-04,43.1
2022-10-05,11.87
2022-10-06,6.12
2022-10-07,3.67
2022-10-08,7.01
2022-10-09,13.54
2022-10-10,18.12
2022-10-11,19.29
2022-10-12,14.32
2022-10-13,5.27
2022-10-14,2.28
2022-10-15,3.5
2022-10-16,1.27
2022-10-17,4.21
2022-10-18,0.58
2022-10-19,2.45
2022-10-20,0.35
2022-10-21,0.15
2022-10-22,0.09
2022-10-23,44.52
2022-10-24,243.78
2022-10-25,11.48
2022-10-26,7.37
2022-10-27,0.0
2022-10-28,0.01
2022-10-29,0.0
2022-10-30,1.56
2022-10-31,4.35
2022-11-01,1.22
2022-11-02,0.95
2022-11-03,0.11
2022-11-04,0.02
2022-11-05,0.0
2022-11-06,0.13
2022-11-07,3.09
2022-11-08,0.0
2022-11-09,0.0
2022-11-10,0.0
2022-11-11,0.0
2022-11-12,0.0
2022-11-13,1.24
2022-11-14,0.35
2022-11-15,0.0
2022-11-16,0.0
2022-11-17,0.0
2022-11-18,0.0
2022-11-19,0.07
2022-11-20,1.37
2022-11-21,0.12
2022-11-22,1.66
2022-11-23,0.0
2022-11-24,7.41
2022-11-25,96.08
2022-11-26,11.64
2022-11-27,0.89
2022-11-28,0.12
2022-11-29,0.57
2022-11-30,0.01
2022-12-01,0.0
2022-12-02,0.0
2022-12-03,0.0
2022-12-04,0.0
2022-12-05,0.0
2022-12-06,0.0
2022-12-07,0.0
2022-12-08,0.0
2022-12-09,0.0
2022-12-10,0.0
2022-12-11,0.0
2022-12-12,0.0
2022-12-13,0.0
2022-12-14,0.0
2022-12-15,0.0
2022-12-16,0.0
2022-12-17,0.0
2022-12-18,0.0
2022-12-19,0.0
2022-12-20,0.0
2022-12-21,0.0
2022-12-22,0.0
2022-12-23,0.0
2022-12-24,0.0
2022-12-25,0.0
2022-12-26,0.0
2022-12-27,0.21
2022-12-28,5.01
2022-12-29,0.27
2022-12-30,0.0
2022-12-31,0.0
2023-01-01,0.0
2023-01-02,0.0
2023-01-03,0.0
2023-01-04,0.0
2023-01-05,0.0
2023-01-06,0.01
2023-01-07,0.02
2023-01-08,0.01
2023-01-09,0.01
2023-01-10,0.0
2023-01-11,0.0
2023-01-12,0.0
2023-01-13,0.0
2023-01-14,0.0
2023-01-15,0.0
2023-01-16,0.0
2023-01-17,0.0
2023-01-18,0.0
2023-01-19,0.0
2023-01-20,0.0
2023-01-21,0.0
2023-01-22,0.0
2023-01-23,0.0
2023-01-24,0.0
2023-01-25,0.0
2023-01-26,0.0
2023-01-27,0.0
2023-01-28,0.0
2023-01-29,0.0
2023-01-30,0.0
2023-01-31,0.0
2023-02-01,0.0
2023-02-02,0.0
2023-02-03,0.0
2023-02-04,0.0
2023-02-05,0.0
2023-02-06,0.0
2023-02-07,0.0
2023-02-08,0.0
2023-02-09,0.0
2023-02-10,0.0
2023-02-11,0.0
2023-02-12,0.0
2023-02-13,0.0
2023-02-14,0.0
2023-02-15,0.0
2023-02-16,0.0
2023-02-17,0.05
2023-02-18,0.03
2023-02-19,0.05
2023-02-20,0.0
2023-02-21,0.0
2023-02-22,0.0
2023-02-23,0.0
2023-02-24,0.0
2023-02-25,2.12
2023-02-26,1.64
2023-02-27,0.01
2023-02-28,0.0
2023-03-01,0.0
2023-03-02,0.0
2023-03-03,0.0
2023-03-04,0.0
2023-03-05,0.0
2023-03-06,0.0
2023-03-07,0.0
2023-03-08,0.0
2023-03-09,0.0
2023-03-10,0.0
2023-03-11,0.0
2023-03-12,0.0
2023-03-13,0.0
2023-03-14,0.03
2023-03-15,0.18
2023-03-16,1.02
2023-03-17,2.66
2023-03-18,6.17
2023-03-19,20.81
2023-03-20,7.48
2023-03-21,13.76
2023-03-22,12.61
2023-03-23,7.33
2023-03-24,1.13
2023-03-25,1.08
2023-03-26,1.85
2023-03-27,10.97
2023-03-28,7.17
2023-03-29,8.2
2023-03-30,8.65
2023-03-31,12.72
2023-04-01,26.7
2023-04-02,7.34
2023-04-03,9.05
2023-04-04,3.42
2023-04-05,6.11
2023-04-06,3.06
2023-04-07,0.54
2023-04-08,0.0
2023-04-09,0.12
2023-04-10,0.23
2023-04-11,0.04
2023-04-12,0.0
2023-04-13,0.0
2023-04-14,0.0
2023-04-15,0.0
2023-04-16,0.07
2023-04-17,0.14
2023-04-18,0.2
2023-04-19,0.25
2023-04-20,0.35
2023-04-21,1.52
2023-04-22,0.65
2023-04-23,2.23
2023-04-24,1.9
2023-04-25,0.43
2023-04-26,0.37
2023-04-27,0.9
2023-04-28,8.06
2023-04-29,8.11
2023-04-30,11.44
2023-05-01,2.4
2023-05-02,0.07
2023-05-03,3.59
2023-05-04,2.03
2023-05-05,4.31
2023-05-06,4.08
2023-05-07,0.65
2023-05-08,0.3
2023-05-09,0.28
2023-05-10,1.29
2023-05-11,0.27
2023-05-12,0.39
2023-05-13,3.43
2023-05-14,0.43
2023-05-15,1.17
2023-05-16,10.54
2023-05-17,23.05
2023-05-18,38.41
2023-05-19,9.8
2023-05-20,7.69
2023-05-21,4.64
2023-05-22,6.17
2023-05-23,21.09
2023-05-24,31.64
2023-05-25,19.47
2023-05-26,10.78
2023-05-27,9.86
2023-05-28,3.68
2023-05-29,0.24
2023-05-30,0.07
2023-05-31,0.11
2023-06-01,0.77
2023-06-02,2.46
2023-06-03,3.13
2023-06-04,2.26
2023-06-05,0.98
2023-06-06,1.09
2023-06-07,5.28
2023-06-08,10.98
2023-06-09,14.16
2023-06-10,3.9
2023-06-11,6.75
2023-06-12,10.49
2023-06-13,25.31
2023-06-14,14.78
2023-06-15,7.73
2023-06-16,6.71
2023-06-17,13.15
2023-06-18,17.39
2023-06-19,16.86
2023-06-20,9.98
2023-06-21,3.63
2023-06-22,6.53
2023-06-23,15.07
2023-06-24,43.45
2023-06-25,28.88
2023-06-26,58.55
2023-06-27,58.12
2023-06-28,48.29
2023-06-29,35.28
2023-06-30,21.33
2023-07-01,6.69
2023-07-02,10.86
2023-07-03,8.27
2023-07-04,3.69
2023-07-05,9.55
2023-07-06,35.02
2023-07-07,15.0
2023-07-08,21.73
2023-07-09,12.0
2023-07-10,14.57
2023-07-11,4.41
2023-07-12,6.53
2023-07-13,14.16
2023-07-14,21.37
2023-07-15,14.59
2023-07-16,7.7
2023-07-17,7.16
2023-07-18,5.75
2023-07-19,3.25
2023-07-20,2.22
2023-07-21,4.77
2023-07-22,6.68
2023-07-23,3.62
2023-07-24,1.45
2023-07-25,4.44
2023-07-26,16.42
2023-07-27,10.5
2023-07-28,15.2
2023-07-29,18.55
2023-07-30,4.81
2023-07-31,18.33
2023-08-01,51.18
2023-08-02,38.0
2023-08-03,14.73
2023-08-04,39.49
2023-08-05,26.17
2023-08-06,39.86
2023-08-07,206.06
2023-08-08,81.46
2023-08-09,23.38
2023-08-10,21.04
2023-08-11,26.23
2023-08-12,27.98
2023-08-13,30.85
2023-08-14,14.88
2023-08-15,9.04
2023-08-16,7.62
2023-08-17,16.69
2023-08-18,11.74
2023-08-19,5.17
2023-08-20,1.65
2023-08-21,13.3
2023-08-22,18.21
2023-08-23,64.05
2023-08-24,36.67
2023-08-25,24.77
2023-08-26,23.08
2023-08-27,26.21
2023-08-28,13.18
2023-08-29,14.13
2023-08-30,12.17
2023-08-31,19.39
2023-09-01,29.59
2023-09-02,15.54
2023-09-03,9.9
2023-09-04,7.28
2023-09-05,17.66
2023-09-06,17.3
2023-09-07,31.16
2023-09-08,12.74
2023-09-09,8.01
2023-09-10,3.42
2023-09-11,11.86
2023-09-12,7.04
2023-09-13,18.07
2023-09-14,39.2
2023-09-15,8.59
2023-09-16,6.22
2023-09-17,6.35
2023-09-18,50.18
2023-09-19,51.54
2023-09-20,39.56
2023-09-21,13.74
2023-09-22,13.21
2023-09-23,16.29
2023-09-24,22.22
2023-09-25,14.64
2023-09-26,3.77
2023-09-27,3.52
2023-09-28,1.92
2023-09-29,22.82
2023-09-30,18.89
2023-10-01,21.36
2023-10-02,11.84
2023-10-03,53.86
2023-10-04,94.76
2023-10-05,75.07
2023-10-06,17.41
2023-10-07,10.67
2023-10-08,20.51
2023-10-09,6.11
2023-10-10,1.53
2023-10-11,3.25
2023-10-12,1.89
2023-10-13,3.28
2023-10-14,0.1
2023-10-15,0.0
2023-10-16,0.0
2023-10-17,0.0
2023-10-18,0.01
2023-10-19,0.04
2023-10-20,0.0
2023-10-21,0.0
2023-10-22,3.61
2023-10-23,10.75
2023-10-24,24.4
2023-10-25,7.25
2023-10-26,8.92
2023-10-27,0.15
2023-10-28,0.03
2023-10-29,0.0
2023-10-30,0.0
2023-10-31,0.0
2023-11-01,0.02
2023-11-02,0.16
2023-11-03,0.25
2023-11-04,1.11
2023-11-05,1.95
2023-11-06,0.69
2023-11-07,0.0
2023-11-08,0.0
2023-11-09,0.0
2023-11-10,0.0
2023-11-11,0.0
2023-11-12,0.01
2023-11-13,0.09
2023-11-14,0.02
2023-11-15,0.72
2023-11-16,59.19
2023-11-17,84.77
2023-11-18,6.12
2023-11-19,0.66
2023-11-20,0.39
2023-11-21,0.37
2023-11-22,0.02
2023-11-23,0.04
2023-11-24,0.0
2023-11-25,0.0
2023-11-26,0.0
2023-11-27,0.0
2023-11-28,0.0
2023-11-29,0.0
2023-11-30,0.0
2023-12-01,0.0
2023-12-02,0.0
2023-12-03,0.0
2023-12-04,0.17
2023-12-05,62.84
2023-12-06,32.45
2023-12-07,2.66
2023-12-08,7.22
2023-12-09,1.11
2023-12-10,0.04
2023-12-11,0.0
2023-12-12,0.01
2023-12-13,0.0
2023-12-14,0.0
2023-12-15,0.0
2023-12-16,0.0
2023-12-17,0.0
2023-12-18,0.0
2023-12-19,0.0
2023-12-20,0.0
2023-12-21,0.0
2023-12-22,0.0
2023-12-23,0.0
2023-12-24,0.0
2023-12-25,0.0
2023-12-26,0.0
2023-12-27,0.0
2023-12-28,0.0
2023-12-29,0.0
2023-12-30,0.0
2023-12-31,0.0
2024-01-01,0.0
2024-01-02,0.0
2024-01-03,0.0
2024-01-04,0.0
2024-01-05,0.0
2024-01-06,0.0
2024-01-07,0.0
2024-01-08,0.0
2024-01-09,0.0
2024-01-10,0.0
2024-01-11,0.0
2024-01-12,0.0
2024-01-13,0.0
2024-01-14,0.0
2024-01-15,0.0
2024-01-16,0.0
2024-01-17,0.0
2024-01-18,1.3
2024-01-19,8.45
2024-01-20,1.33
2024-01-21,0.01
2024-01-22,0.0
2024-01-23,0.0
2024-01-24,6.07
2024-01-25,7.07
2024-01-26,2.53
2024-01-27,0.01
2024-01-28,0.0
2024-01-29,0.0
2024-01-30,0.12
2024-01-31,6.29
2024-02-01,6.69
2024-02-02,6.65
2024-02-03,2.22
2024-02-04,0.02
2024-02-05,0.12
2024-02-06,0.0
2024-02-07,0.0
2024-02-08,0.0
2024-02-09,0.0
2024-02-10,0.0
2024-02-11,0.0
2024-02-12,0.0
2024-02-13,0.0
2024-02-14,0.0
2024-02-15,0.03
2024-02-16,0.02
2024-02-17,0.01
2024-02-18,0.0
2024-02-19,0.01
2024-02-20,0.29
2024-02-21,1.81
2024-02-22,2.92
2024-02-23,6.84
2024-02-24,5.96
2024-02-25,0.14
2024-02-26,0.04
2024-02-27,0.0
2024-02-28,0.0
2024-02-29,0.0
2024-03-01,0.0
2024-03-02,0.0
2024-03-03,0.0
2024-03-04,0.0
2024-03-05,0.0
2024-03-06,0.0
2024-03-07,0.0
2024-03-08,0.0
2024-03-09,0.0
2024-03-10,0.0
2024-03-11,0.0
2024-03-12,0.03
2024-03-13,1.14
2024-03-14,4.56
2024-03-15,3.76
2024-03-16,5.72
2024-03-17,0.06
2024-03-18,0.38
2024-03-19,1.01
2024-03-20,0.61
2024-03-21,5.82
2024-03-22,5.08
2024-03-23,4.19
2024-03-24,5.07
2024-03-25,1.4
2024-03-26,2.21
2024-03-27,0.4
2024-03-28,1.45
2024-03-29,1.65
2024-03-30,2.6
2024-03-31,2.17
2024-04-01,1.74
2024-04-02,0.03
2024-04-03,0.02
2024-04-04,0.01
2024-04-05,0.02
2024-04-06,0.27
2024-04-07,1.19
2024-04-08,0.81
2024-04-09,0.0
2024-04-10,0.0
2024-04-11,0.0
2024-04-12,0.0
2024-04-13,0.0
2024-04-14,0.0
2024-04-15,0.01
2024-04-16,0.18
2024-04-17,2.17
2024-04-18,4.4
2024-04-19,0.94
2024-04-20,0.78
2024-04-21,0.35
2024-04-22,0.0
2024-04-23,0.0
2024-04-24,0.0
2024-04-25,0.0
2024-04-26,0.06
2024-04-27,0.12
2024-04-28,0.12
2024-04-29,0.17
2024-04-30,0.13
2024-05-01,2.28
2024-05-02,6.66
2024-05-03,6.16
2024-05-04,2.41
2024-05-05,6.19
2024-05-06,47.09
2024-05-07,28.57
2024-05-08,42.36
2024-05-09,7.5
2024-05-10,8.68
2024-05-11,11.96
2024-05-12,8.25
2024-05-13,3.73
2024-05-14,1.85
2024-05-15,3.26
2024-05-16,1.18
2024-05-17,1.23
2024-05-18,5.02
2024-05-19,8.02
2024-05-20,18.52
2024-05-21,15.1
2024-05-22,8.22
2024-05-23,0.48
2024-05-24,1.41
2024-05-25,6.67
2024-05-26,89.66
2024-05-27,61.32
2024-05-28,26.73
2024-05-29,14.38
2024-05-30,9.81
2024-05-31,8.41
2024-06-01,4.8
2024-06-02,7.93
2024-06-03,31.93
2024-06-04,26.74
2024-06-05,6.35
2024-06-06,9.67
2024-06-07,7.34
2024-06-08,3.76
2024-06-09,2.28
2024-06-10,2.86
2024-06-11,2.71
2024-06-12,1.74
2024-06-13,7.18
2024-06-14,8.71
2024-06-15,11.74
2024-06-16,7.9
2024-06-17,20.93
2024-06-18,14.01
2024-06-19,21.95
2024-06-20,68.25
2024-06-21,24.16
2024-06-22,4.69
2024-06-23,7.65
2024-06-24,4.33
2024-06-25,5.72
2024-06-26,6.44
2024-06-27,16.37
2024-06-28,19.91
2024-06-29,13.46
2024-06-30,38.1
2024-07-01,185.13
2024-07-02,57.22
2024-07-03,44.43
2024-07-04,81.46
2024-07-05,29.05
2024-07-06,27.46
2024-07-07,19.6
2024-07-08,5.29
2024-07-09,4.17
2024-07-10,9.87
2024-07-11,27.87
2024-07-12,33.05
2024-07-13,11.95
2024-07-14,4.47
2024-07-15,7.43
2024-07-16,7.28
2024-07-17,1.61
2024-07-18,0.85
2024-07-19,5.21
2024-07-20,5.88
2024-07-21,34.04
2024-07-22,6.71
2024-07-23,6.24
2024-07-24,8.11
2024-07-25,38.46
2024-07-26,29.17
2024-07-27,22.36
2024-07-28,10.23
2024-07-29,27.14
2024-07-30,13.55
2024-07-31,91.5
2024-08-01,147.61
2024-08-02,78.71
2024-08-03,35.51
2024-08-04,23.28
2024-08-05,11.42
2024-08-06,9.48
2024-08-07,15.35
2024-08-08,23.81
2024-08-09,33.23
2024-08-10,16.68
2024-08-11,24.65
2024-08-12,28.12
2024-08-13,29.19
2024-08-14,19.92
2024-08-15,15.29
2024-08-16,32.09
2024-08-17,78.64
2024-08-18,50.33
2024-08-19,58.39
2024-08-20,40.94
2024-08-21,27.7
2024-08-22,80.77
2024-08-23,71.16
2024-08-24,43.34
2024-08-25,78.9
2024-08-26,53.22
2024-08-27,8.63
2024-08-28,3.06
2024-08-29,5.05
2024-08-30,1.6
2024-08-31,3.72
2024-09-01,8.52
2024-09-02,6.16
2024-09-03,6.2
2024-09-04,2.22
2024-09-05,2.48
2024-09-06,15.34
2024-09-07,7.37
2024-09-08,9.32
2024-09-09,9.89
2024-09-10,10.71
2024-09-11,47.66
2024-09-12,42.67
2024-09-13,118.84
2024-09-14,109.93
2024-09-15,92.0
2024-09-16,22.29
2024-09-17,3.31
2024-09-18,0.67
2024-09-19,5.35
2024-09-20,11.97
2024-09-21,28.54
2024-09-22,10.16
2024-09-23,16.13
2024-09-24,20.59
2024-09-25,42.55
2024-09-26,36.02
2024-09-27,10.98
2024-09-28,3.51
2024-09-29,1.81
2024-09-30,2.87
2024-10-01,12.39
2024-10-02,15.98
2024-10-03,34.5
2024-10-04,23.38
2024-10-05,21.45
2024-10-06,13.23
2024-10-07,13.57
2024-10-08,4.65
2024-10-09,6.36
2024-10-10,10.09
2024-10-11,3.87
2024-10-12,1.86
2024-10-13,4.61
2024-10-14,7.04
2024-10-15,1.25
2024-10-16,2.01
2024-10-17,5.9
2024-10-18,4.42
2024-10-19,18.23
2024-10-20,14.37
2024-10-21,0.04
2024-10-22,0.14
2024-10-23,21.22
2024-10-24,58.0
2024-10-25,29.53
2024-10-26,6.15
2024-10-27,0.76
2024-10-28,0.07
2024-10-29,0.09
2024-10-30,0.96
2024-10-31,7.89
2024-11-01,16.18
2024-11-02,1.44
2024-11-03,0.01
2024-11-04,0.25
2024-11-05,6.07
2024-11-06,1.56
2024-11-07,1.24
2024-11-08,0.01
2024-11-09,0.0
2024-11-10,0.03
2024-11-11,0.01
2024-11-12,0.01
2024-11-13,0.0
2024-11-14,0.0
2024-11-15,0.0
2024-11-16,0.0
2024-11-17,0.0
2024-11-18,0.0
2024-11-19,0.0
2024-11-20,0.0
2024-11-21,0.0
2024-11-22,0.0
2024-11-23,0.0
2024-11-24,0.0
2024-11-25,0.0
2024-11-26,0.0
2024-11-27,0.0
2024-11-28,0.03
2024-11-29,0.01
2024-11-30,0.31
2024-12-01,0.39
2024-12-02,0.05
2024-12-03,0.02
2024-12-04,0.0
2024-12-05,0.0
2024-12-06,0.0
2024-12-07,0.0
2024-12-08,0.0
2024-12-09,0.01
2024-12-10,0.03
2024-12-11,0.01
2024-12-12,0.0
2024-12-13,0.0
2024-12-14,0.0
2024-12-15,0.0
2024-12-16,0.0
2024-12-17,0.01
2024-12-18,0.0
2024-12-19,0.0
2024-12-20,0.0
2024-12-21,2.13
2024-12-22,0.25
2024-12-23,0.29
2024-12-24,0.0
2024-12-25,0.07
2024-12-26,0.0
2024-12-27,0.0
2024-12-28,0.0
2024-12-29,0.0
2024-12-30,0.0
2024-12-31,0.0
2025-01-01,0.0
2025-01-02,0.0
2025-01-03,0.0
2025-01-04,0.0
2025-01-05,0.0
2025-01-06,0.0
2025-01-07,0.02
2025-01-08,0.0
2025-01-09,0.0
2025-01-10,0.01
2025-01-11,0.0
2025-01-12,0.0
2025-01-13,0.0
2025-01-14,0.0
2025-01-15,0.0
2025-01-16,0.02
2025-01-17,0.0
2025-01-18,0.0
2025-01-19,0.0
2025-01-20,0.0
2025-01-21,0.0
2025-01-22,0.0
2025-01-23,0.0
2025-01-24,0.0
2025-01-25,0.0
2025-01-26,0.0
2025-01-27,0.0
2025-01-28,0.0
2025-01-29,0.0
2025-01-30,0.0
2025-01-31,0.01
2025-02-01,0.01
2025-02-02,0.0
2025-02-03,0.0
2025-02-04,0.0
2025-02-05,0.0
2025-02-06,4.74
2025-02-07,0.0
2025-02-08,0.0
2025-02-09,0.0
2025-02-10,0.0
2025-02-11,0.0
2025-02-12,0.04
2025-02-13,0.37
2025-02-14,0.1
2025-02-15,0.0
2025-02-16,0.0
2025-02-17,0.0
2025-02-18,0.06
2025-02-19,0.58
2025-02-20,3.39
2025-02-21,1.17
2025-02-22,0.3
2025-02-23,1.39
2025-02-24,0.05
2025-02-25,0.27
2025-02-26,0.0
2025-02-27,0.0
2025-02-28,0.0
2025-03-01,0.9
2025-03-02,3.6
2025-03-03,0.0
2025-03-04,0.0
2025-03-05,0.0
2025-03-06,0.0
2025-03-07,0.0
2025-03-08,0.0
2025-03-09,0.0
2025-03-10,0.0
2025-03-11,0.0
2025-03-12,0.01
2025-03-13,0.08
2025-03-14,0.22
2025-03-15,0.16
2025-03-16,0.1
2025-03-17,0.25
2025-03-18,1.14
2025-03-19,0.29
2025-03-20,1.0
2025-03-21,2.09
2025-03-22,0.52
2025-03-23,3.53
2025-03-24,9.07
2025-03-25,0.16
2025-03-26,0.17
2025-03-27,0.07
2025-03-28,0.0
2025-03-29,0.0
2025-03-30,0.0
2025-03-31,0.0
2025-04-01,0.01
2025-04-02,0.04
2025-04-03,0.98
2025-04-04,0.02
2025-04-05,0.4
2025-04-06,1.6
2025-04-07,2.64
2025-04-08,2.44
2025-04-09,0.8
2025-04-10,0.0
2025-04-11,1.27
2025-04-12,1.92
2025-04-13,2.81
2025-04-14,3.3
2025-04-15,13.67
2025-04-16,12.23
2025-04-17,14.45
2025-04-18,10.89
2025-04-19,26.99
2025-04-20,18.39
2025-04-21,7.61
2025-04-22,1.02
2025-04-23,0.37
2025-04-24,0.53
2025-04-25,0.62
2025-04-26,1.74
2025-04-27,2.65
2025-04-28,11.7
2025-04-29,19.65
2025-04-30,9.99
2025-05-01,3.6
2025-05-02,12.82
2025-05-03,9.82
2025-05-04,24.47
2025-05-05,6.29
2025-05-06,1.44
2025-05-07,0.41
2025-05-08,1.1
2025-05-09,0.99
2025-05-10,1.01
2025-05-11,0.37
2025-05-12,0.86
2025-05-13,3.39
2025-05-14,1.89
2025-05-15,1.55
2025-05-16,12.15
2025-05-17,8.46
2025-05-18,10.78
2025-05-19,20.69
2025-05-20,10.16
2025-05-21,25.85
2025-05-22,8.81
2025-05-23,14.39
2025-05-24,38.69
2025-05-25,17.82
2025-05-26,14.1
2025-05-27,30.14
2025-05-28,59.19
2025-05-29,106.57
2025-05-30,37.94
2025-05-31,40.96
2025-06-01,32.41
2025-06-02,30.57
2025-06-03,24.76
2025-06-04,21.03
2025-06-05,2.0
2025-06-06,6.11
2025-06-07,4.9
2025-06-08,0.88
2025-06-09,1.22
2025-06-10,4.72
2025-06-11,2.65
2025-06-12,4.27
2025-06-13,2.9
2025-06-14,6.05
2025-06-15,17.46
2025-06-16,37.19
2025-06-17,60.09
2025-06-18,56.19
2025-06-19,39.82
2025-06-20,50.86
2025-06-21,31.85
2025-06-22,36.21
2025-06-23,6.54
2025-06-24,12.5
2025-06-25,20.12
2025-06-26,16.51
2025-06-27,29.83
2025-06-28,25.17
2025-06-29,12.95
2025-06-30,26.6
2025-07-01,5.79
2025-07-02,14.05
2025-07-03,16.58
2025-07-04,31.06
2025-07-05,59.18
2025-07-06,61.65
2025-07-07,167.44
2025-07-08,94.79
2025-07-09,53.62
2025-07-10,31.85
2025-07-11,12.77
2025-07-12,15.47
2025-07-13,9.37
2025-07-14,72.32
2025-07-15,13.2
2025-07-16,12.81
2025-07-17,15.92
2025-07-18,12.36
2025-07-19,8.84
2025-07-20,6.14
2025-07-21,4.77
2025-07-22,17.0
2025-07-23,8.76
2025-07-24,29.56
2025-07-25,62.42
2025-07-26,37.94
2025-07-27,36.96
2025-07-28,42.31
2025-07-29,60.36
2025-07-30,78.08
2025-07-31,47.35
2025-08-01,17.49
2025-08-02,9.06
2025-08-03,12.35
2025-08-04,12.26
2025-08-05,16.6
2025-08-06,22.81
2025-08-07,52.04
2025-08-08,39.45
2025-08-09,10.11
2025-08-10,2.26
2025-08-11,3.92
2025-08-12,2.08
2025-08-13,8.21
2025-08-14,12.63
2025-08-15,7.01
2025-08-16,3.18
2025-08-17,8.82
2025-08-18,8.46
2025-08-19,14.68
2025-08-20,34.15
2025-08-21,37.17
2025-08-22,78.87
2025-08-23,33.65
2025-08-24,13.75
2025-08-25,7.71
2025-08-26,0.74
2025-08-27,6.1
2025-08-28,5.36
2025-08-29,18.13
2025-08-30,7.06
2025-08-31,1.87
2025-09-01,9.29
2025-09-02,13.9
2025-09-03,16.64
2025-09-04,8.77
2025-09-05,4.9
2025-09-06,0.31
2025-09-07,1.14
2025-09-08,1.04
2025-09-09,2.55
2025-09-10,5.08
2025-09-11,8.98
2025-09-12,21.6
2025-09-13,34.96
2025-09-14,20.12
2025-09-15,29.48
2025-09-16,17.51
2025-09-17,5.93
2025-09-18,2.38
2025-09-19,3.97
2025-09-20,8.86
2025-09-21,19.8
2025-09-22,24.58
2025-09-23,27.56
2025-09-24,1.96
2025-09-25,2.52
2025-09-26,5.47
2025-09-27,1.9
2025-09-28,6.59
2025-09-29,5.83
2025-09-30,5.8
2025-10-01,22.46
2025-10-02,55.14
2025-10-03,16.91
2025-10-04,12.68
2025-10-05,22.08
2025-10-06,21.03
2025-10-07,17.32
2025-10-08,25.71
2025-10-09,31.97
2025-10-10,28.23
2025-10-11,22.44
2025-10-12,24.99
2025-10-13,0.09
2025-10-14,0.01
2025-10-15,0.0
2025-10-16,0.09
2025-10-17,0.21
2025-10-18,1.01
2025-10-19,1.07
2025-10-20,0.26
2025-10-21,0.54
2025-10-22,0.06
2025-10-23,0.53
2025-10-24,4.81
2025-10-25,5.58
2025-10-26,0.24
2025-10-27,0.22
2025-10-28,1.62
2025-10-29,4.31
2025-10-30,10.7
2025-10-31,1.18
2025-11-01,4.93
2025-11-02,13.72
2025-11-03,4.37
2025-11-04,0.05
2025-11-05,1.75
2025-11-06,0.18
2025-11-07,2.45
2025-11-08,0.0
2025-11-09,0.0
2025-11-10,0.0
2025-11-11,0.0
2025-11-12,0.0
2025-11-13,0.0
2025-11-14,0.0
2025-11-15,0.0
2025-11-16,0.0
2025-11-17,0.0
2025-11-18,0.0
2025-11-19,0.0
2025-11-20,0.0
2025-11-21,0.0
2025-11-22,0.03
2025-11-23,0.0
2025-11-24,0.0
2025-11-25,0.01
2025-11-26,0.0
2025-11-27,0.0
2025-11-28,0.0
2025-11-29,0.0
2025-11-30,0.0
2025-12-01,0.0
2025-12-02,0.0
2025-12-03,0.0
2025-12-04,0.0
2025-12-05,0.0
2025-12-06,0.0
2025-12-07,0.0
2025-12-08,0.0
2025-12-09,0.0
2025-12-10,0.0
2025-12-11,0.0
2025-12-12,0.0
2025-12-13,0.0
2025-12-14,0.0
2025-12-15,0.0
2025-12-16,0.41
2025-12-17,0.03
2025-12-18,0.0
2025-12-19,0.0
2025-12-20,0.0
2025-12-21,0.0
2025-12-22,0.0
2025-12-23,0.0
2025-12-24,0.0
2025-12-25,0.0
2025-12-26,0.0
2025-12-27,0.0
2025-12-28,0.0
2025-12-29,0.0
2025-12-30,0.0
2025-12-31,0.0
